"project_id","job_name","running_instance_id","job_instance_group_name","relation_name","job_sequence","description","tag2","tag3","uid"
"2","JobX1","JobX1_0","Group1","belongsTo","NULL","NULL","NULL","NULL","SfN0RHHmEeub2AAd2Lcudw=="
"2","JobX1","JobX1_1","Group1","belongsTo","NULL","NULL","NULL","NULL","SfN0RHHmEeub2AAd2Lcudw=="
"2","JobX1","JobX1_2","Group1","belongsTo","NULL","NULL","NULL","NULL","SfN0RHHmEeub2AAd2Lcudw=="
"2","JobX2","JobX2_1","Group1","belongsTo","NULL","NULL","NULL","NULL","SfN0ZnHmEeub2AAd2Lcudw=="
"2","JobX2","JobX2_2","Group1","belongsTo","NULL","NULL","NULL","NULL","SfN0ZnHmEeub2AAd2Lcudw=="
"2","JobX2","JobX2_3","Group1","belongsTo","NULL","NULL","NULL","NULL","SfN0ZnHmEeub2AAd2Lcudw=="
"2","JobX3","JobX3_2","Group1","belongsTo","NULL","NULL","NULL","NULL","SfN0gXHmEeub2AAd2Lcudw=="
"2","JobX3","JobX3_3","Group1","belongsTo","NULL","NULL","NULL","NULL","SfN0gXHmEeub2AAd2Lcudw=="
"2","JobX3","JobX3_4","Group1","belongsTo","NULL","NULL","NULL","NULL","SfN0gXHmEeub2AAd2Lcudw=="
"2","JobX4","JobX4_4","Group1","belongsTo","NULL","NULL","NULL","NULL","SfN0nHHmEeub2AAd2Lcudw=="
"2","JobX4","JobX4_5","Group1","belongsTo","NULL","NULL","NULL","NULL","SfN003HmEeub2AAd2Lcudw=="
"2","JobX4","JobX4_6","Group1","belongsTo","NULL","NULL","NULL","NULL","SfN003HmEeub2AAd2Lcudw=="
"2","JobX5","JobX5_4","Group1","belongsTo","NULL","NULL","NULL","NULL","SfN003HmEeub2AAd2Lcudw=="
"2","JobX5","JobX5_5","Group1","belongsTo","NULL","NULL","NULL","NULL","SfN003HmEeub2AAd2Lcudw=="
"2","JobX5","JobX5_6","Group1","belongsTo","NULL","NULL","NULL","NULL","SfN003HmEeub2AAd2Lcudw=="
"2","JobX6","JobX6_10","Group1","belongsTo","NULL","NULL","NULL","NULL","SfN003HmEeub2AAd2Lcudw=="
"2","JobX6","JobX6_11","Group1","belongsTo","NULL","NULL","NULL","NULL","SfN003HmEeub2AAd2Lcudw=="
"2","JobX6","JobX6_12","Group1","belongsTo","NULL","NULL","NULL","NULL","SfN003HmEeub2AAd2Lcudw=="
"2","JbY1","JbY1_5","Group2","belongsTo","NULL","NULL","NULL","NULL","SfN0JXHmEeub2AAd2Lcudw=="
"2","JbY1","JbY1_6","Group2","belongsTo","NULL","NULL","NULL","NULL","SfNxsXHmEeub2AAd2Lcudw=="
"2","JbY1","JbY1_7","Group2","belongsTo","NULL","NULL","NULL","NULL","SfNxsXHmEeub2AAd2Lcudw=="
"2","JbY2","JbY2_6","Group2","belongsTo","NULL","NULL","NULL","NULL","SfNz3HHmEeub2AAd2Lcudw=="
"2","JbY2","JbY2_7","Group2","belongsTo","NULL","NULL","NULL","NULL","SfNz3HHmEeub2AAd2Lcudw=="
"2","JbY2","JbY2_8","Group2","belongsTo","NULL","NULL","NULL","NULL","SfNz3HHmEeub2AAd2Lcudw=="
"2","JbY3","JbY3_7","Group2","belongsTo","NULL","NULL","NULL","NULL","SfN0BnHmEeub2AAd2Lcudw=="
"2","JbY3","JbY3_8","Group2","belongsTo","NULL","NULL","NULL","NULL","SfN0BnHmEeub2AAd2Lcudw=="
"2","JbY3","JbY3_9","Group2","belongsTo","NULL","NULL","NULL","NULL","SfN0JXHmEeub2AAd2Lcudw=="
"2","JbY4","JbY4_8","Group2","belongsTo","NULL","NULL","NULL","NULL","SfN0JXHmEeub2AAd2Lcudw=="
"2","JbY4","JbY4_9","Group2","belongsTo","NULL","NULL","NULL","NULL","SfN0JXHmEeub2AAd2Lcudw=="
"2","JbY4","JbY4_10","Group2","belongsTo","NULL","NULL","NULL","NULL","SfN0JXHmEeub2AAd2Lcudw=="



