id,item,project_name,item_value,project_id,,,,,,,,,,,,,,,,,,,,,,,,,,,,,,,,,,,,,,,,,,,,,,,,,,,,,,,,,,,,,
1,icip.fileuploadDir,Core,@!LEAP_HOME!@/uploads,1,,,,,,,,,,,,,,,,,,,,,,,,,,,,,,,,,,,,,,,,,,,,,,,,,,,,,,,,,,,,,
2,icip.agentsDir,Core,@!LEAP_HOME!@/agents/,1,,,,,,,,,,,,,,,,,,,,,,,,,,,,,,,,,,,,,,,,,,,,,,,,,,,,,,,,,,,,,
3,icip.hikari-max-pool-size,Core,3,1,,,,,,,,,,,,,,,,,,,,,,,,,,,,,,,,,,,,,,,,,,,,,,,,,,,,,,,,,,,,,
4,application.uiconfig.dstFlag,Core,0,1,,,,,,,,,,,,,,,,,,,,,,,,,,,,,,,,,,,,,,,,,,,,,,,,,,,,,,,,,,,,,
5,icip.connectionTimeout,Core,80000,1,,,,,,,,,,,,,,,,,,,,,,,,,,,,,,,,,,,,,,,,,,,,,,,,,,,,,,,,,,,,,
6,icip.idleTimeout,Core,80000,1,,,,,,,,,,,,,,,,,,,,,,,,,,,,,,,,,,,,,,,,,,,,,,,,,,,,,,,,,,,,,
7,icip.maxLifetime,Core,90000,1,,,,,,,,,,,,,,,,,,,,,,,,,,,,,,,,,,,,,,,,,,,,,,,,,,,,,,,,,,,,,
8,icip.leakDetectionThreshold,Core,60000,1,,,,,,,,,,,,,,,,,,,,,,,,,,,,,,,,,,,,,,,,,,,,,,,,,,,,,,,,,,,,,
9,icip.updateBatchSize,Core,100,1,,,,,,,,,,,,,,,,,,,,,,,,,,,,,,,,,,,,,,,,,,,,,,,,,,,,,,,,,,,,,
10,icip.mailevent.error.enabled,Core,TRUE,1,,,,,,,,,,,,,,,,,,,,,,,,,,,,,,,,,,,,,,,,,,,,,,,,,,,,,,,,,,,,,
11,icip.mailevent.error.subject,Core,Error in Pipeline,1,,,,,,,,,,,,,,,,,,,,,,,,,,,,,,,,,,,,,,,,,,,,,,,,,,,,,,,,,,,,,
12,icip.mailevent.success.enabled,Core,FALSE,1,,,,,,,,,,,,,,,,,,,,,,,,,,,,,,,,,,,,,,,,,,,,,,,,,,,,,,,,,,,,,
13,icip.mailevent.success.subject,Core,Pipeline ran successfully,1,,,,,,,,,,,,,,,,,,,,,,,,,,,,,,,,,,,,,,,,,,,,,,,,,,,,,,,,,,,,,
14,icip.mailevent.success.message,Core,Pipeline ran successfully,1,,,,,,,,,,,,,,,,,,,,,,,,,,,,,,,,,,,,,,,,,,,,,,,,,,,,,,,,,,,,,
15,icip.alertevent.error.enabled,Core,TRUE,1,,,,,,,,,,,,,,,,,,,,,,,,,,,,,,,,,,,,,,,,,,,,,,,,,,,,,,,,,,,,,
16,icip.alertevent.error.message,Core,Error in Pipeline,1,,,,,,,,,,,,,,,,,,,,,,,,,,,,,,,,,,,,,,,,,,,,,,,,,,,,,,,,,,,,,
17,icip.alertevent.success.enabled,Core,FALSE,1,,,,,,,,,,,,,,,,,,,,,,,,,,,,,,,,,,,,,,,,,,,,,,,,,,,,,,,,,,,,,
18,icip.alertevent.success.message,Core,Pipeline ran successfully,1,,,,,,,,,,,,,,,,,,,,,,,,,,,,,,,,,,,,,,,,,,,,,,,,,,,,,,,,,,,,,
19,icip.mailevent.error.message,Core,Error in Pipeline,1,,,,,,,,,,,,,,,,,,,,,,,,,,,,,,,,,,,,,,,,,,,,,,,,,,,,,,,,,,,,,
1977,icip.cleanup.deletion.days,Core,30,1,,,,,,,,,,,,,,,,,,,,,,,,,,,,,,,,,,,,,,,,,,,,,,,,,,,,,,,,,,,,,
20,icip.urls.kubeflowdeploy,Core,@!urls.kubeflowdeploy!@,1,,,,,,,,,,,,,,,,,,,,,,,,,,,,,,,,,,,,,,,,,,,,,,,,,,,,,,,,,,,,,
21,icip.urls.kubeflowstatus,Core,@!urls.kubeflowstatus!@,1,,,,,,,,,,,,,,,,,,,,,,,,,,,,,,,,,,,,,,,,,,,,,,,,,,,,,,,,,,,,,
22,ci_incident.datasetName,Core,getConfigItemsFromIncidents,1,,,,,,,,,,,,,,,,,,,,,,,,,,,,,,,,,,,,,,,,,,,,,,,,,,,,,,,,,,,,,
23,ci_incident.ciColumn,Core,configurationItem,1,,,,,,,,,,,,,,,,,,,,,,,,,,,,,,,,,,,,,,,,,,,,,,,,,,,,,,,,,,,,,
24,ci_incident.ciIncidents,Core,"GROUP_CONCAT(number SEPARATOR ',')",1,,,,,,,,,,,,,,,,,,,,,,,,,,,,,,,,,,,,,,,,,,,,,,,,,,,,,,,,,,,,,
25,YMLdefault,Core,"{\landingDatasets\"":{\""totalIncidents\"":\""TotalTickets\""","\""totalExtTickets\"":\""TotalExtractedTickets\""","\""upcomBreach\"":\""UpcomingBreach\""","\""openTickets\"":\""OPENtickets\""","\""slaPerc\"":\""SlaPercentage\""","\""automatTickets\"":\""AutomatedTickets\""}","\""Limit\"":30","\""cybernext\"":false}""",1,,,,,,,,,,,,,,,,,,,,,,,,,,,,,,,,,,,,,,,,,,,,,,,,,,,,,,
26,static,Core,"{'img1':'../landing/cc/OCC/5','imgn1':'Business Control Center','imgi1':'./assets/image/static1.PNG','img2':'../landing/cc/OCC/10','imgn2':'Sell Dashboard','imgi2':'./assets/image/static2.PNG','img3':'http://localhost:8081/','imgn3':'IIMSS','imgi3':'./assets/image/static3.PNG','img4':'https://localhost:8081','imgn4':'Operation Dashboard','imgi4':'./assets/image/static4.PNG','img5':'http://localhost:8081','imgn5':'Friction Diagnostics','imgi5':'./assets/image/static5.PNG','img6':'https://localhost:8081/','imgn6':'Nexthink','imgi6':'./assets/image/static6.PNG','img7':'https://localhost:8081','imgn7':'Service Management Dashboard','imgi7':'./assets/image/static7.PNG','img8':'https://localhost:8081/','imgn8':'Infosys CyberGaze','imgi8':'./assets/image/static8.PNG'}",1,,,,,,,,,,,,,,,,,,,,,,,,,,,,,,,,,,,,,,,,,,,,,,,,,,,,,,,,,,,,,
27,icip.jobLogFileDir,Core,@!LEAP_HOME!@/jobs,1,,,,,,,,,,,,,,,,,,,,,,,,,,,,,,,,,,,,,,,,,,,,,,,,,,,,,,,,,,,,,
28,icip.agentsTimeout,Core,60,1,,,,,,,,,,,,,,,,,,,,,,,,,,,,,,,,,,,,,,,,,,,,,,,,,,,,,,,,,,,,,
29,icip.sparkServer.pythonMainClass,Core,leap.SparkExecuter.Jobexecuter,1,,,,,,,,,,,,,,,,,,,,,,,,,,,,,,,,,,,,,,,,,,,,,,,,,,,,,,,,,,,,,
30,icip.sparkServer.pythonAppName,Core,leap,1,,,,,,,,,,,,,,,,,,,,,,,,,,,,,,,,,,,,,,,,,,,,,,,,,,,,,,,,,,,,,
31,icip.agents.metric.command,Core,@!icip.pythonpath!@ -m metricagent.Observer # #,1,,,,,,,,,,,,,,,,,,,,,,,,,,,,,,,,,,,,,,,,,,,,,,,,,,,,,,,,,,,,,
32,icip.agents.filewatcher.command,Core,@!icip.pythonpath!@ -m leapfilewatcher.Watcher # #,1,,,,,,,,,,,,,,,,,,,,,,,,,,,,,,,,,,,,,,,,,,,,,,,,,,,,,,,,,,,,,
33,icip.pipeline.script.command,Core,@!icip.pythonpath!@ -m dagster pipeline execute -f # -n #,1,,,,,,,,,,,,,,,,,,,,,,,,,,,,,,,,,,,,,,,,,,,,,,,,,,,,,,,,,,,,,
34,icip.pipeline.nativescript.javascript.command,Core,node # #,1,,,,,,,,,,,,,,,,,,,,,,,,,,,,,,,,,,,,,,,,,,,,,,,,,,,,,,,,,,,,,
35,icip.pipeline.nativescript.python.command,Core,@!icip.pythonpath!@ # #,1,,,,,,,,,,,,,,,,,,,,,,,,,,,,,,,,,,,,,,,,,,,,,,,,,,,,,,,,,,,,,
34100,icip.pipeline.nativescript.python2.command,Core,@!icip.pythonpath!@ # #,1,,,,,,,,,,,,,,,,,,,,,,,,,,,,,,,,,,,,,,,,,,,,,,,,,,,,,,,,,,,,,
34101,icip.pipeline.nativescript.v2.javascript.command,Core,node # #,1,,,,,,,,,,,,,,,,,,,,,,,,,,,,,,,,,,,,,,,,,,,,,,,,,,,,,,,,,,,,,
35102,icip.pipeline.nativescript.v2.python.command,Core,@!icip.pythonpath!@ -m leap.NativeScriptExecuter # #,1,,,,,,,,,,,,,,,,,,,,,,,,,,,,,,,,,,,,,,,,,,,,,,,,,,,,,,,,,,,,,
34103,icip.pipeline.nativescript.v2.python2.command,Core,@!icip.pythonpath!@ -m leap.NativeScriptExecuter # #,1,,,,,,,,,,,,,,,,,,,,,,,,,,,,,,,,,,,,,,,,,,,,,,,,,,,,,,,,,,,,,
36,icip.pipeline.draganddrop.restnode.command,Core,@!icip.pythonpath!@ -m dagster pipeline execute -m leap.RESTAPIExecuter -n pipelineExecuter,1,,,,,,,,,,,,,,,,,,,,,,,,,,,,,,,,,,,,,,,,,,,,,,,,,,,,,,,,,,,,,
37,icip.pipeline.draganddrop.command,Core,@!icip.pythonpath!@ -m dagster pipeline execute -m leap.DagsterExecuter -n pipelineExecuter,1,,,,,,,,,,,,,,,,,,,,,,,,,,,,,,,,,,,,,,,,,,,,,,,,,,,,,,,,,,,,,
114,icip.pipeline.dragndroplite.command,Core,@!icip.pythonpath!@ -m dagster pipeline execute -m leap.DagsterExecuterLite -n pipelineExecuter,1,,,,,,,,,,,,,,,,,,,,,,,,,,,,,,,,,,,,,,,,,,,,,,,,,,,,,,,,,,,,,
38,icip.pipeline.binary.command,Core,/venv/lib/python3.7/site-packages/pyspark/bin/spark-submit --class # # # # #,1,,,,,,,,,,,,,,,,,,,,,,,,,,,,,,,,,,,,,,,,,,,,,,,,,,,,,,,,,,,,,
39,icip.environment.lang,Core,LANG=en_US.UTF-8,1,,,,,,,,,,,,,,,,,,,,,,,,,,,,,,,,,,,,,,,,,,,,,,,,,,,,,,,,,,,,,
40,icip.environment.lcall,Core,LC_ALL=en_US.UTF-8,1,,,,,,,,,,,,,,,,,,,,,,,,,,,,,,,,,,,,,,,,,,,,,,,,,,,,,,,,,,,,,
41,icip.environment.pysparkgateway,Core,PYSPARK_ALLOW_INSECURE_GATEWAY=1,1,,,,,,,,,,,,,,,,,,,,,,,,,,,,,,,,,,,,,,,,,,,,,,,,,,,,,,,,,,,,,
42,icip.environment.pyspark,Core,PYSPARK_PYTHON=@!icip.pythonpath!@,1,,,,,,,,,,,,,,,,,,,,,,,,,,,,,,,,,,,,,,,,,,,,,,,,,,,,,,,,,,,,,
43,icip.environment.python3,Core,PYTHON3PATH=@!icip.pythonpath!@,1,,,,,,,,,,,,,,,,,,,,,,,,,,,,,,,,,,,,,,,,,,,,,,,,,,,,,,,,,,,,,
44,icip.environment.python2,Core,PYTHON2PATH=/usr/bin/python2,1,,,,,,,,,,,,,,,,,,,,,,,,,,,,,,,,,,,,,,,,,,,,,,,,,,,,,,,,,,,,,
45,icip.environment.sparkhome,Core,SPARK_HOME=@!icip.sparkhome!@,1,,,,,,,,,,,,,,,,,,,,,,,,,,,,,,,,,,,,,,,,,,,,,,,,,,,,,,,,,,,,,
46,icip.environment.hadoophome,Core,HADOOP_HOME=@!icip.sparkhome!@,1,,,,,,,,,,,,,,,,,,,,,,,,,,,,,,,,,,,,,,,,,,,,,,,,,,,,,,,,,,,,,
47,icip.environment.mlstudio.dbtype,Core,MLSTUDIO_DB_TYPE=mysql,1,,,,,,,,,,,,,,,,,,,,,,,,,,,,,,,,,,,,,,,,,,,,,,,,,,,,,,,,,,,,,
50,icip.environment.mlstudio.dbusername,Core,MLSTUDIO_DB_USERNAME=@!icip.datasource.username!@,1,,,,,,,,,,,,,,,,,,,,,,,,,,,,,,,,,,,,,,,,,,,,,,,,,,,,,,,,,,,,,
51,icip.environment.mlstudio.dbpassword,Core,MLSTUDIO_DB_PASSWORD=@!icip.datasource.password!@,1,,,,,,,,,,,,,,,,,,,,,,,,,,,,,,,,,,,,,,,,,,,,,,,,,,,,,,,,,,,,,
52,icip.environment.mlstudio.dbname,Core,MLSTUDIO_DB_NAME=leapmaster,1,,,,,,,,,,,,,,,,,,,,,,,,,,,,,,,,,,,,,,,,,,,,,,,,,,,,,,,,,,,,,
53,icip.environment.mlstudio.modeldb,Core,MLSTUDIO_MODEL_DB=leapmaster,1,,,,,,,,,,,,,,,,,,,,,,,,,,,,,,,,,,,,,,,,,,,,,,,,,,,,,,,,,,,,,
54,icip.environment.modelserviceurl,Core,MODEL_SERVICE_URL=http://10.212.115.65:32328/api/pipelinemodels/run,1,,,,,,,,,,,,,,,,,,,,,,,,,,,,,,,,,,,,,,,,,,,,,,,,,,,,,,,,,,,,,
55,icip.environment.connecttimeout,Core,CONNECT_TIMEOUT=5,1,,,,,,,,,,,,,,,,,,,,,,,,,,,,,,,,,,,,,,,,,,,,,,,,,,,,,,,,,,,,,
56,icip.environment.jobdirectory,Core,JOB_DIRECTORY=@!LEAP_HOME!@/jobs,1,,,,,,,,,,,,,,,,,,,,,,,,,,,,,,,,,,,,,,,,,,,,,,,,,,,,,,,,,,,,,
57,icip.environment.readtimeout,Core,READ_TIMEOUT=100,1,,,,,,,,,,,,,,,,,,,,,,,,,,,,,,,,,,,,,,,,,,,,,,,,,,,,,,,,,,,,,
58,icip.environment.httpproxy,Core,HTTP_PROXY=@!proxy.proxyUrl!@,1,,,,,,,,,,,,,,,,,,,,,,,,,,,,,,,,,,,,,,,,,,,,,,,,,,,,,,,,,,,,,
59,icip.environment.httpsproxy,Core,HTTPS_PROXY=@!proxy.proxyUrl!@,1,,,,,,,,,,,,,,,,,,,,,,,,,,,,,,,,,,,,,,,,,,,,,,,,,,,,,,,,,,,,,
60,icip.environment.nop,Core,NO_PROXY=infygithub.ad.infosys.com,1,,,,,,,,,,,,,,,,,,,,,,,,,,,,,,,,,,,,,,,,,,,,,,,,,,,,,,,,,,,,,
61,icip.environment.extrapluginpath,Core,EXTRA_PLUGINS_PATH=@!LEAP_HOME!@/python/plugins,1,,,,,,,,,,,,,,,,,,,,,,,,,,,,,,,,,,,,,,,,,,,,,,,,,,,,,,,,,,,,,
62,icip.environment.vault.authentication,Core,VAULT_AUTHENTICATION=@!spring.cloud.vault.authentication!@,1,,,,,,,,,,,,,,,,,,,,,,,,,,,,,,,,,,,,,,,,,,,,,,,,,,,,,,,,,,,,,
63,icip.environment.vault.roleid,Core,VAULT_APPROLE_ROLEID=@!spring.cloud.vault.app-role.role-id!@,1,,,,,,,,,,,,,,,,,,,,,,,,,,,,,,,,,,,,,,,,,,,,,,,,,,,,,,,,,,,,,
64,icip.environment.vault.secret-id,Core,VAULT_APPROLE_SECRETID=@!spring.cloud.vault.app-role.secret-id!@,1,,,,,,,,,,,,,,,,,,,,,,,,,,,,,,,,,,,,,,,,,,,,,,,,,,,,,,,,,,,,,
65,icip.environment.vault.uri,Core,VAULT_URI=@!spring.cloud.vault.uri!@,1,,,,,,,,,,,,,,,,,,,,,,,,,,,,,,,,,,,,,,,,,,,,,,,,,,,,,,,,,,,,,
66,icip.environment.vault.version,Core,VAULT_VERSION=@!spring.cloud.vault.version!@,1,,,,,,,,,,,,,,,,,,,,,,,,,,,,,,,,,,,,,,,,,,,,,,,,,,,,,,,,,,,,,
67,icip.environment.vault.appname,Core,VAULT_APPLICATION_NAME=@!spring.cloud.vault.kv.backend!@,1,,,,,,,,,,,,,,,,,,,,,,,,,,,,,,,,,,,,,,,,,,,,,,,,,,,,,,,,,,,,,
68,icip.environment.vault.profiles,Core,VAULT_PROFILES=@!spring.application.name!@,1,,,,,,,,,,,,,,,,,,,,,,,,,,,,,,,,,,,,,,,,,,,,,,,,,,,,,,,,,,,,,
69,icip.environment.vault.kvenabled,Core,VAULT_KV_ENABLED=@!spring.cloud.vault.kv.enabled!@,1,,,,,,,,,,,,,,,,,,,,,,,,,,,,,,,,,,,,,,,,,,,,,,,,,,,,,,,,,,,,,
70,icip.environment.decryptionkey,Core,DECRYPTION_KEY=@!encryption.key!@,1,,,,,,,,,,,,,,,,,,,,,,,,,,,,,,,,,,,,,,,,,,,,,,,,,,,,,,,,,,,,,
71,icip.environment.decryptionsalt,Core,MLSTUDIO_PASSWORD_SALT=@!encryption.salt!@,1,,,,,,,,,,,,,,,,,,,,,,,,,,,,,,,,,,,,,,,,,,,,,,,,,,,,,,,,,,,,,
7100,icip.environment.fileserver.url,Core,FILE_SERVER_URL=@!urls.fileserver!@,1,,,,,,,,,,,,,,,,,,,,,,,,,,,,,,,,,,,,,,,,,,,,,,,,,,,,,,,,,,,,,
7101,icip.environment.fileserver.token,Core,FILE_SERVER_TOKEN=@!icip.accesstoken.fileserver!@,1,,,,,,,,,,,,,,,,,,,,,,,,,,,,,,,,,,,,,,,,,,,,,,,,,,,,,,,,,,,,,
7102,icip.environment.mlstudio.url,Core,MLSTUDIO_DB_URL=@!spring.datasource.url!@,1,,,,,,,,,,,,,,,,,,,,,,,,,,,,,,,,,,,,,,,,,,,,,,,,,,,,,,,,,,,,,
7103,icip.quartz.retrylimit,Core,3,1,,,,,,,,,,,,,,,,,,,,,,,,,,,,,,,,,,,,,,,,,,,,,,,,,,,,,,,,,,,,,
72,icip.agents.metric.configfile,Core,process.config,1,,,,,,,,,,,,,,,,,,,,,,,,,,,,,,,,,,,,,,,,,,,,,,,,,,,,,,,,,,,,,
73,icip.agents.metric.xmlfile,Core,configuration.yml,1,,,,,,,,,,,,,,,,,,,,,,,,,,,,,,,,,,,,,,,,,,,,,,,,,,,,,,,,,,,,,
74,icip.agents.metric.collectkey,Core,METRIC_TO_COLLECT,1,,,,,,,,,,,,,,,,,,,,,,,,,,,,,,,,,,,,,,,,,,,,,,,,,,,,,,,,,,,,,
75,icip.agents.metric.xmlkey,Core,METRIC_CONFIG,1,,,,,,,,,,,,,,,,,,,,,,,,,,,,,,,,,,,,,,,,,,,,,,,,,,,,,,,,,,,,,
76,icip.agents.metric.pykey,Core,TRANSFORMER_FILE_PATH,1,,,,,,,,,,,,,,,,,,,,,,,,,,,,,,,,,,,,,,,,,,,,,,,,,,,,,,,,,,,,,
77,icip.agents.metric.samplefile,Core,sample.py,1,,,,,,,,,,,,,,,,,,,,,,,,,,,,,,,,,,,,,,,,,,,,,,,,,,,,,,,,,,,,,
78,icip.agents.metric.basefile,Core,base.txt,1,,,,,,,,,,,,,,,,,,,,,,,,,,,,,,,,,,,,,,,,,,,,,,,,,,,,,,,,,,,,,
79,icip.agents.metric.eggfile,Core,leapmetricagent-0.1.1-py3-none-any.whl,1,,,,,,,,,,,,,,,,,,,,,,,,,,,,,,,,,,,,,,,,,,,,,,,,,,,,,,,,,,,,,
80,icip.agents.metric.readme,Core,README.md,1,,,,,,,,,,,,,,,,,,,,,,,,,,,,,,,,,,,,,,,,,,,,,,,,,,,,,,,,,,,,,
81,icip.agents.metric.requirementfile,Core,,1,,,,,,,,,,,,,,,,,,,,,,,,,,,,,,,,,,,,,,,,,,,,,,,,,,,,,,,,,,,,,
82,icip.agents.filewatcher.configfile,Core,process.config,1,,,,,,,,,,,,,,,,,,,,,,,,,,,,,,,,,,,,,,,,,,,,,,,,,,,,,,,,,,,,,
83,icip.agents.filewatcher.lookupkey,Core,FILETOWATCH,1,,,,,,,,,,,,,,,,,,,,,,,,,,,,,,,,,,,,,,,,,,,,,,,,,,,,,,,,,,,,,
84,icip.agents.filewatcher.pykey,Core,PROCESSOR_FILE_PATH,1,,,,,,,,,,,,,,,,,,,,,,,,,,,,,,,,,,,,,,,,,,,,,,,,,,,,,,,,,,,,,
85,icip.agents.filewatcher.samplefile,Core,sample.py,1,,,,,,,,,,,,,,,,,,,,,,,,,,,,,,,,,,,,,,,,,,,,,,,,,,,,,,,,,,,,,
86,icip.agents.filewatcher.basefile,Core,base.txt,1,,,,,,,,,,,,,,,,,,,,,,,,,,,,,,,,,,,,,,,,,,,,,,,,,,,,,,,,,,,,,
87,icip.agents.filewatcher.eggfile,Core,leapfilewatcher-0.1.3-py3-none-any.whl,1,,,,,,,,,,,,,,,,,,,,,,,,,,,,,,,,,,,,,,,,,,,,,,,,,,,,,,,,,,,,,
88,icip.agents.filewatcher.readme,Core,README.md,1,,,,,,,,,,,,,,,,,,,,,,,,,,,,,,,,,,,,,,,,,,,,,,,,,,,,,,,,,,,,,
89,icip.agents.filewatcher.requirementfile,Core,,1,,,,,,,,,,,,,,,,,,,,,,,,,,,,,,,,,,,,,,,,,,,,,,,,,,,,,,,,,,,,,
90,icip.agents.metric.readonlykeys.collectkey,Core,METRIC_TO_COLLECT,1,,,,,,,,,,,,,,,,,,,,,,,,,,,,,,,,,,,,,,,,,,,,,,,,,,,,,,,,,,,,,
91,icip.agents.metric.readonlykeys.pykey,Core,TRANSFORMER_FILE_PATH,1,,,,,,,,,,,,,,,,,,,,,,,,,,,,,,,,,,,,,,,,,,,,,,,,,,,,,,,,,,,,,
92,icip.agents.metric.readonlykeys.xmlkey,Core,METRIC_CONFIG,1,,,,,,,,,,,,,,,,,,,,,,,,,,,,,,,,,,,,,,,,,,,,,,,,,,,,,,,,,,,,,
93,icip.agents.metric.passwordkeys.passkey,Core,PASSWORD,1,,,,,,,,,,,,,,,,,,,,,,,,,,,,,,,,,,,,,,,,,,,,,,,,,,,,,,,,,,,,,
94,icip.agents.filewatcher.readonlykeys.pykey,Core,PROCESSOR_FILE_PATH,1,,,,,,,,,,,,,,,,,,,,,,,,,,,,,,,,,,,,,,,,,,,,,,,,,,,,,,,,,,,,,
95,icip.agents.filewatcher.readonlykeys.lookupkey,Core,FILETOWATCH,1,,,,,,,,,,,,,,,,,,,,,,,,,,,,,,,,,,,,,,,,,,,,,,,,,,,,,,,,,,,,,
96,icip.agents.filewatcher.readonlykeys.watchdirkey,Core,WATCHDIR,1,,,,,,,,,,,,,,,,,,,,,,,,,,,,,,,,,,,,,,,,,,,,,,,,,,,,,,,,,,,,,
97,icip.agents.filewatcher.passwordkeys.passkey,Core,PASSWORD,1,,,,,,,,,,,,,,,,,,,,,,,,,,,,,,,,,,,,,,,,,,,,,,,,,,,,,,,,,,,,,
98,bjm.uploadBatchSize,Core,35000,1,,,,,,,,,,,,,,,,,,,,,,,,,,,,,,,,,,,,,,,,,,,,,,,,,,,,,,,,,,,,,
99,bjm.uploadCheckLimit,Core,699999,1,,,,,,,,,,,,,,,,,,,,,,,,,,,,,,,,,,,,,,,,,,,,,,,,,,,,,,,,,,,,,
100,bjm.tivoliAddress,Core,10.217.10.235,1,,,,,,,,,,,,,,,,,,,,,,,,,,,,,,,,,,,,,,,,,,,,,,,,,,,,,,,,,,,,,
101,bjm.tivoliPort,Core,31116,1,,,,,,,,,,,,,,,,,,,,,,,,,,,,,,,,,,,,,,,,,,,,,,,,,,,,,,,,,,,,,
102,bjm.tivoli-headers.how-many,Core,300,1,,,,,,,,,,,,,,,,,,,,,,,,,,,,,,,,,,,,,,,,,,,,,,,,,,,,,,,,,,,,,
103,bjm.tivoli-headers.accept,Core,application/json,1,,,,,,,,,,,,,,,,,,,,,,,,,,,,,,,,,,,,,,,,,,,,,,,,,,,,,,,,,,,,,
104,bjm.tivoli-headers.content-type,Core,application/json,1,,,,,,,,,,,,,,,,,,,,,,,,,,,,,,,,,,,,,,,,,,,,,,,,,,,,,,,,,,,,,
105,bjm.tivoli-headers.auth-username,Core,user@domain.com,1,,,,,,,,,,,,,,,,,,,,,,,,,,,,,,,,,,,,,,,,,,,,,,,,,,,,,,,,,,,,,
106,bjm.tivoli-headers.auth-token,Core,password,1,,,,,,,,,,,,,,,,,,,,,,,,,,,,,,,,,,,,,,,,,,,,,,,,,,,,,,,,,,,,,
107,bjm.tivoli-headers.auth-domain,Core,clientDomain,1,,,,,,,,,,,,,,,,,,,,,,,,,,,,,,,,,,,,,,,,,,,,,,,,,,,,,,,,,,,,,
108,bjm.graphServer,Core,victsecst-11,1,,,,,,,,,,,,,,,,,,,,,,,,,,,,,,,,,,,,,,,,,,,,,,,,,,,,,,,,,,,,,
109,bjm.graphVisQueryPort,Core,3000,1,,,,,,,,,,,,,,,,,,,,,,,,,,,,,,,,,,,,,,,,,,,,,,,,,,,,,,,,,,,,,
110,bjm.graphPrefrenceStorePort,Core,3001,1,,,,,,,,,,,,,,,,,,,,,,,,,,,,,,,,,,,,,,,,,,,,,,,,,,,,,,,,,,,,,
111,icip.urls.github,Core,@!urls.github!@,1,,,,,,,,,,,,,,,,,,,,,,,,,,,,,,,,,,,,,,,,,,,,,,,,,,,,,,,,,,,,,
112,icip.github.organization,Core,sandbox,1,,,,,,,,,,,,,,,,,,,,,,,,,,,,,,,,,,,,,,,,,,,,,,,,,,,,,,,,,,,,,
113,icip.github.token,Core,f244c0904ff8ecd79799fcbb2e64d688f1cd2831,1,,,,,,,,,,,,,,,,,,,,,,,,,,,,,,,,,,,,,,,,,,,,,,,,,,,,,,,,,,,,,
116,icip.mailserver.url,Core,@!urls.mailserver!@,1,,,,,,,,,,,,,,,,,,,,,,,,,,,,,,,,,,,,,,,,,,,,,,,,,,,,,,,,,,,,,
117,icip.mailserver.domain,Core,@infosys.com,1,,,,,,,,,,,,,,,,,,,,,,,,,,,,,,,,,,,,,,,,,,,,,,,,,,,,,,,,,,,,,
118,icip.mailserver.enabled,Core,FALSE,1,,,,,,,,,,,,,,,,,,,,,,,,,,,,,,,,,,,,,,,,,,,,,,,,,,,,,,,,,,,,,
11800,icip.mailserver.receiver,Core,,1,,,,,,,,,,,,,,,,,,,,,,,,,,,,,,,,,,,,,,,,,,,,,,,,,,,,,,,,,,,,,
11801,icip.mailserver.mailtoreceiver,Core,FALSE,1,,,,,,,,,,,,,,,,,,,,,,,,,,,,,,,,,,,,,,,,,,,,,,,,,,,,,,,,,,,,,
119,icip.sparkServer.host,Core,victsecst08,1,,,,,,,,,,,,,,,,,,,,,,,,,,,,,,,,,,,,,,,,,,,,,,,,,,,,,,,,,,,,,
120,icip.sparkServer.port,Core,8090,1,,,,,,,,,,,,,,,,,,,,,,,,,,,,,,,,,,,,,,,,,,,,,,,,,,,,,,,,,,,,,
121,icip.sparkServer.pythonContext,Core,"{\context-factory\"":\""spark.jobserver.python.PythonSessionContextFactory\""}""",1,,,,,,,,,,,,,,,,,,,,,,,,,,,,,,,,,,,,,,,,,,,,,,,,,,,,,,,,,,,,,
122,icip.sparkServer.requiredJarsLocation,Core,file:///home/admin/deps/,1,,,,,,,,,,,,,,,,,,,,,,,,,,,,,,,,,,,,,,,,,,,,,,,,,,,,,,,,,,,,,
123,icip.sparkServer.appName,Core,icip-spark-jobserver-generic_2.11-0.1,1,,,,,,,,,,,,,,,,,,,,,,,,,,,,,,,,,,,,,,,,,,,,,,,,,,,,,,,,,,,,,
132,application.uiconfig.clientLogo,Core,FALSE,1,,,,,,,,,,,,,,,,,,,,,,,,,,,,,,,,,,,,,,,,,,,,,,,,,,,,,,,,,,,,,
133,application.uiconfig.font,Core,"UniversLTStd,Arial",1,,,,,,,,,,,,,,,,,,,,,,,,,,,,,,,,,,,,,,,,,,,,,,,,,,,,,,,,,,,,,
134,application.uiconfig.ldapVerification,Core,FALSE,1,,,,,,,,,,,,,,,,,,,,,,,,,,,,,,,,,,,,,,,,,,,,,,,,,,,,,,,,,,,,,
135,application.uiconfig.logoLocation,Core,/assets/logo.png,1,,,,,,,,,,,,,,,,,,,,,,,,,,,,,,,,,,,,,,,,,,,,,,,,,,,,,,,,,,,,,
136,application.uiconfig.telemetry,Core,FALSE,1,,,,,,,,,,,,,,,,,,,,,,,,,,,,,,,,,,,,,,,,,,,,,,,,,,,,,,,,,,,,,
137,application.uiconfig.telemetryUrl,Core,@!urls.telemetryUrl!@,1,,,,,,,,,,,,,,,,,,,,,,,,,,,,,,,,,,,,,,,,,,,,,,,,,,,,,,,,,,,,,
138,application.uiconfig.theme,Core,#7B39B1,1,,,,,,,,,,,,,,,,,,,,,,,,,,,,,,,,,,,,,,,,,,,,,,,,,,,,,,,,,,,,,
139,application.uiconfig.data_limit,Core,4000,1,,,,,,,,,,,,,,,,,,,,,,,,,,,,,,,,,,,,,,,,,,,,,,,,,,,,,,,,,,,,,
140,application.uiconfig.capBaseUrl,Core,@!urls.capBaseUrl!@,1,,,,,,,,,,,,,,,,,,,,,,,,,,,,,,,,,,,,,,,,,,,,,,,,,,,,,,,,,,,,,
141,application.uiconfig.epoch,Core,FALSE,1,,,,,,,,,,,,,,,,,,,,,,,,,,,,,,,,,,,,,,,,,,,,,,,,,,,,,,,,,,,,,
142,application.uiconfig.epochChatUrl,Core,https://chat.infosysmeridian.com/epochchatapp,1,,,,,,,,,,,,,,,,,,,,,,,,,,,,,,,,,,,,,,,,,,,,,,,,,,,,,,,,,,,,,
143,application.autouser.autoRoles,Core,123,1,,,,,,,,,,,,,,,,,,,,,,,,,,,,,,,,,,,,,,,,,,,,,,,,,,,,,,,,,,,,,
144,application.autouser.defaultPWD,Core,Infy@123,1,,,,,,,,,,,,,,,,,,,,,,,,,,,,,,,,,,,,,,,,,,,,,,,,,,,,,,,,,,,,,
145,application.autouser.emailDomain,Core,,1,,,,,,,,,,,,,,,,,,,,,,,,,,,,,,,,,,,,,,,,,,,,,,,,,,,,,,,,,,,,,
146,application.uiconfig.autoUserCreation,Core,TRUE,1,,,,,,,,,,,,,,,,,,,,,,,,,,,,,,,,,,,,,,,,,,,,,,,,,,,,,,,,,,,,,
147,application.uiconfig.autoUserProject,Core,2,1,,,,,,,,,,,,,,,,,,,,,,,,,,,,,,,,,,,,,,,,,,,,,,,,,,,,,,,,,,,,,
148,sre_downtime_columns,Core,"sno, probe, startTime, endTime, active, pattern, startDay, endDay",1,,,,,,,,,,,,,,,,,,,,,,,,,,,,,,,,,,,,,,,,,,,,,,,,,,,,,,,,,,,,,
149,probe_columns,Core,"sno, probeName, probeDescription, environment, operatingSystem, citrix, version, applicationName, probeUrl, threshold, probeFrequency, executionMachine, failureRegion, isEnabled",1,,,,,,,,,,,,,,,,,,,,,,,,,,,,,,,,,,,,,,,,,,,,,,,,,,,,,,,,,,,,,
150,location_columns,Core,"sno, locationName",1,,,,,,,,,,,,,,,,,,,,,,,,,,,,,,,,,,,,,,,,,,,,,,,,,,,,,,,,,,,,,
151,probe_location_columns,Core,"sno, plprobeName, pllocationName, plisEnabled",1,,,,,,,,,,,,,,,,,,,,,,,,,,,,,,,,,,,,,,,,,,,,,,,,,,,,,,,,,,,,,
152,sre_application_group_upload_columns,Core,"SNo, applicationName, description, lastUpdated",1,,,,,,,,,,,,,,,,,,,,,,,,,,,,,,,,,,,,,,,,,,,,,,,,,,,,,,,,,,,,,
153,kt_session_columns,Core,"sessionName,appElementComponent,ktTopics,clientSME,meetingLocation,plannedDate,sessionTiming,duration,infosysSessionLead,primarySME,meetingLink,actualMeetingDuration,sessionObjectiveMet,remarks,sessionStatus,applicationArea",1,,,,,,,,,,,,,,,,,,,,,,,,,,,,,,,,,,,,,,,,,,,,,,,,,,,,,,,,,,,,,
154,application_upload_columns,Core,"sessionName, applicationName, applicationArea, applicationTechnology, cluster, wave",1,,,,,,,,,,,,,,,,,,,,,,,,,,,,,,,,,,,,,,,,,,,,,,,,,,,,,,,,,,,,,
155,user_upload_columns,Core,"userLogin, userEmail, userPassword, userFirstname, userMiddleName, userLastname, role",1,,,,,,,,,,,,,,,,,,,,,,,,,,,,,,,,,,,,,,,,,,,,,,,,,,,,,,,,,,,,,
156,stopwords,Core,"able,about,above,according,accordingly,across,actually,after,afterwards,again,against,ain''t,all,allow,allows,almost,alone,along,already,also,although,always,am,among,amongst,an,and,another,any,anybody,anyhow,anyone,anything,anyway,anyways,anywhere,apart,appear,appreciate,appropriate,are,aren''t,around,as,aside,ask,asking,associated,at,available,away,awfully,be,became,because,become,becomes,becoming,been,before,beforehand,behind,being,believe,below,beside,besides,best,better,between,beyond,both,brief,but,by,c''mon,c''s,came,can,can''t,cannot,cant,cause,causes,certain,certainly,changes,clearly,com,come,comes,concerning,consequently,consider,considering,contain,containing,contains,corresponding,could,couldn''t,course,currently,definitely,described,despite,did,didn''t,different,do,does,doesn''t,doing,don''t,done,down,downwards,during,each,edu,eg,eight,either,else,elsewhere,enough,entirely,especially,et,etc,even,ever,every,everybody,everyone,everything,everywhere,ex,exactly,example,except,far,few,fifth,first,five,followed,following,follows,for,former,formerly,forth,four,from,further,furthermore,get,gets,getting,given,gives,go,goes,going,gone,got,gotten,greetings,had,hadn''t,happens,hardly,has,hasn''t,have,haven''t,having,he,he''s,hello,help,hence,her,here,here''s,hereafter,hereby,herein,hereupon,hers,herself,hi,him,himself,his,hither,hopefully,how,howbeit,however,i''d,i''ll,i''m,i''ve,ie,if,ignored,immediate,in,inasmuch,inc,indeed,indicate,indicated,indicates,inner,insofar,instead,into,inward,is,isn''t,it,it''d,it''ll,it''s,its,itself,just,keep,keeps,kept,know,knows,known,last,lately,later,latter,latterly,least,less,lest,let,let''s,like,liked,likely,little,look,looking,looks,ltd,mainly,many,may,maybe,me,mean,meanwhile,merely,might,more,moreover,most,mostly,much,must,my,myself,name,namely,nd,near,nearly,necessary,need,needs,neither,never,nevertheless,new,next,nine,no,nobody,non,none,noone,nor,normally,not,nothing,novel,now,nowhere,obviously,of,off,often,oh,ok,okay,old,on,once,one,ones,only,onto,or,other,others,otherwise,ought,our,ours,ourselves,out,outside,over,overall,own,particular,particularly,per,perhaps,placed,please,plus,possible,presumably,probably,provides,que,quite,qv,rather,rd,re,really,reasonably,regarding,regardless,regards,relatively,respectively,right,said,same,saw,say,saying,says,second,secondly,see,seeing,seem,seemed,seeming,seems,seen,self,selves,sensible,sent,serious,seriously,seven,several,shall,she,should,shouldn''t,since,six,so,some,somebody,somehow,someone,something,sometime,sometimes,somewhat,somewhere,soon,sorry,specified,specify,specifying,still,sub,such,sup,sure,t''s,take,taken,tell,tends,th,than,thank,thanks,thanx,that,that''s,thats,the,their,theirs,them,themselves,then,thence,there,there''s,thereafter,thereby,therefore,therein,theres,thereupon,these,they,they''d,they''ll,they''re,they''ve,think,third,this,thorough,thoroughly,those,though,three,through,throughout,thru,thus,to,together,too,took,toward,towards,tried,tries,truly,try,trying,twice,two,un,under,unfortunately,unless,unlikely,until,unto,up,upon,us,use,used,useful,uses,using,usually,value,various,very,via,viz,vs,want,wants,was,wasn''t,way,we,we''d,we''ll,we''re,we''ve,welcome,well,went,were,weren''t,what,what''s,whatever,when,whence,whenever,where,where''s,whereafter,whereas,whereby,wherein,whereupon,wherever,whether,which,while,whither,who,who''s,whoever,whole,whom,whose,why,will,willing,wish,with,within,without,won''t,wonder,would,would,wouldn''t,yes,yet,you,you''d,you''ll,you''re,you''ve,your,yours,yourself,yourselves,zero",1,,,,,,,,,,,,,,,,,,,,,,,,,,,,,,,,,,,,,,,,,,,,,,,,,,,,,,,,,,,,,
157,sre_probe_sheet_name,Core,SreProbes,1,,,,,,,,,,,,,,,,,,,,,,,,,,,,,,,,,,,,,,,,,,,,,,,,,,,,,,,,,,,,,
158,sre_location_sheet_name,Core,SreLocations,1,,,,,,,,,,,,,,,,,,,,,,,,,,,,,,,,,,,,,,,,,,,,,,,,,,,,,,,,,,,,,
159,sre_probe_location_sheet_name,Core,SreProbeLocations,1,,,,,,,,,,,,,,,,,,,,,,,,,,,,,,,,,,,,,,,,,,,,,,,,,,,,,,,,,,,,,
160,sre_downtime_sheet_name,Core,SreDowntimes,1,,,,,,,,,,,,,,,,,,,,,,,,,,,,,,,,,,,,,,,,,,,,,,,,,,,,,,,,,,,,,
161,sre_application_group_sheet_name,Core,SreApplicationGroups,1,,,,,,,,,,,,,,,,,,,,,,,,,,,,,,,,,,,,,,,,,,,,,,,,,,,,,,,,,,,,,
162,sre_application_sheet_name,Core,SreApplications,1,,,,,,,,,,,,,,,,,,,,,,,,,,,,,,,,,,,,,,,,,,,,,,,,,,,,,,,,,,,,,
163,SRE Admin Land,Core,./dynamicDashboard/grid/OCC/11,1,,,,,,,,,,,,,,,,,,,,,,,,,,,,,,,,,,,,,,,,,,,,,,,,,,,,,,,,,,,,,
164,SRE Admin Side,Core,"{\label\"":\""Dashboard\""","\""icon\"":\""tachometer\""","\""url\"":\""./\""}""",1,,,,,,,,,,,,,,,,,,,,,,,,,,,,,,,,,,,,,,,,,,,,,,,,,,,,,,,,,,,
165,SRE Admin Side,Core,"{\label\"":\""Application Monitoring\""","\""icon\"":\""desktop\""","\""url\"":\""./iamp-sre/sreapplication\""}""",1,,,,,,,,,,,,,,,,,,,,,,,,,,,,,,,,,,,,,,,,,,,,,,,,,,,,,,,,,,,
166,SRE Admin Side,Core,"{\label\"":\""Data Management\""","\""icon\"":\""database\""","\""children\"":[{\""label\"":\""Probe\""","\""url\"":\""./iamp-sre/sreProbe-list\""","\""icon\"":\""bars\""","\""_id\"":2}","{\""label\"":\""Sre App Downtime\""","\""url\"":\""./iamp-sre/sreAppDowntime\""","\""icon\"":\""folder\""","\""_id\"":3}","{\""label\"":\""Sre Location\""","\""url\"":\""./iamp-sre/sreLocation-list\""","\""icon\"":\""globe\""","\""_id\"":4}","{\""label\"":\""Sre Probe Location\""","\""url\"":\""./iamp-sre/sreProbeLocation\""","\""icon\"":\""location-arrow\""","\""_id\"":5}","{\""label\"":\""Import\""","\""icon\"":\""\""","\""url\"":\""./iamp-usm/export-import\""","\""children\"":[]","\""_id\"":6}","{\""label\"":\""App\""","\""icon\"":\""folder\""","\""url\"":\""./iamp-sre/cclApp-list\""","\""children\"":[]","\""_id\"":7}","{\""label\"":\""App Group\""","\""icon\"":\""folder\""","\""url\"":\""./iamp-sre/cclAppGrp-list\""","\""children\"":[]","\""_id\"":8}]","\""horizontal\"":true}""",1,,,,,,,,,,,,,,,,,,,,,,,,,,,,
167,SBX Admin Land,Core,./sandbox,1,,,,,,,,,,,,,,,,,,,,,,,,,,,,,,,,,,,,,,,,,,,,,,,,,,,,,,,,,,,,,
168,SBX Admin Side,Core,"{\label\"":\""Experiment\""","\""icon\"":\""home\""","\""url\"":\""./sandbox\""","\""children\"":[]}""",1,,,,,,,,,,,,,,,,,,,,,,,,,,,,,,,,,,,,,,,,,,,,,,,,,,,,,,,,,,
169,SBX Admin Side,Core,"{\label\"":\""Teams\""","\""icon\"":\""users\""","\""url\"":\""./sandbox/team-list\""","\""children\"":[]}""",1,,,,,,,,,,,,,,,,,,,,,,,,,,,,,,,,,,,,,,,,,,,,,,,,,,,,,,,,,,
170,SBX Admin Side,Core,"{\label\"":\""Datasets\""","\""icon\"":\""database\""","\""url\"":\""./aibrain/datasets\""","\""children\"":[]}""",1,,,,,,,,,,,,,,,,,,,,,,,,,,,,,,,,,,,,,,,,,,,,,,,,,,,,,,,,,,
171,SBX Admin Side,Core,"{\label\"":\""Configure\""","\""icon\"":\""cogs\""","\""url\"":\""\""","\""children\"":[{\""label\"":\""SBX\""","\""icon\"":\""\""","\""url\"":\""./sandbox/config/sbx\""","\""children\"":[]","\""_id\"":5}","{\""label\"":\""Workbench\""","\""icon\"":\""\""","\""url\"":\""./sandbox/config/workbench\""","\""children\"":[]","\""_id\"":6}]}""",1,,,,,,,,,,,,,,,,,,,,,,,,,,,,,,,,,,,,,,,,,,,,,,,,,
172,SBX Admin Side,Core,"{\label\"":\""Manage\""","\""icon\"":\""list\""","\""url\"":\""\""","\""children\"":[{\""label\"":\""Experiment\""","\""icon\"":\""folder\""","\""url\"":\""./sandbox/pendingActions/experiment\""","\""children\"":[]","\""_id\"":8}","{\""label\"":\""Team\""","\""icon\"":\""\""","\""url\"":\""./sandbox/pendingActions/team\""","\""children\"":[]","\""_id\"":9}","{\""label\"":\""Dataset\""","\""icon\"":\""\""","\""url\"":\""./sandbox/pendingActions/dataset\""","\""children\"":[]","\""_id\"":10}]}""",1,,,,,,,,,,,,,,,,,,,,,,,,,,,,,,,,,,,,,,,,,,,,
174,SBX Dataset Approver Land,Core,./sandbox,1,,,,,,,,,,,,,,,,,,,,,,,,,,,,,,,,,,,,,,,,,,,,,,,,,,,,,,,,,,,,,
175,SBX Dataset Approver Side,Core,"{\label\"":\""Experiment\""","\""icon\"":\""home\""","\""url\"":\""./sandbox\""","\""children\"":[]}""",1,,,,,,,,,,,,,,,,,,,,,,,,,,,,,,,,,,,,,,,,,,,,,,,,,,,,,,,,,,
176,SBX Dataset Approver Side,Core,"{\label\"":\""Teams\""","\""icon\"":\""users\""","\""url\"":\""./sandbox/team-list\""","\""children\"":[]}""",1,,,,,,,,,,,,,,,,,,,,,,,,,,,,,,,,,,,,,,,,,,,,,,,,,,,,,,,,,,
177,SBX Dataset Approver Side,Core,"{\label\"":\""Datasets\""","\""icon\"":\""database\""","\""url\"":\""./aibrain/datasets\""","\""children\"":[]}""",1,,,,,,,,,,,,,,,,,,,,,,,,,,,,,,,,,,,,,,,,,,,,,,,,,,,,,,,,,,
178,SBX Dataset Approver Side,Core,"{\label\"":\""Manage\""","\""icon\"":\""list\""","\""url\"":\""\""","\""children\"":[{\""label\"":\""Experiment\""","\""icon\"":\""folder\""","\""url\"":\""./sandbox/pendingActions/experiment\""","\""children\"":[]","\""_id\"":8}","{\""label\"":\""Team\""","\""icon\"":\""\""","\""url\"":\""./sandbox/pendingActions/team\""","\""children\"":[]","\""_id\"":9}","{\""label\"":\""Dataset\""","\""icon\"":\""\""","\""url\"":\""./sandbox/pendingActions/dataset\""","\""children\"":[]","\""_id\"":10}]}""",1,,,,,,,,,,,,,,,,,,,,,,,,,,,,,,,,,,,,,,,,,,,,
180,SBX Experiment Creator Land,Core,./sandbox,1,,,,,,,,,,,,,,,,,,,,,,,,,,,,,,,,,,,,,,,,,,,,,,,,,,,,,,,,,,,,,
181,SBX Experiment Creator Side,Core,"{\label\"":\""Experiment\""","\""icon\"":\""home\""","\""url\"":\""./sandbox\""","\""children\"":[]}""",1,,,,,,,,,,,,,,,,,,,,,,,,,,,,,,,,,,,,,,,,,,,,,,,,,,,,,,,,,,
182,SBX Experiment Creator Side,Core,"{\label\"":\""Teams\""","\""icon\"":\""users\""","\""url\"":\""./sandbox/team-list\""","\""children\"":[]}""",1,,,,,,,,,,,,,,,,,,,,,,,,,,,,,,,,,,,,,,,,,,,,,,,,,,,,,,,,,,
183,SBX Experiment Creator Side,Core,"{\label\"":\""Datasets\""","\""icon\"":\""database\""","\""url\"":\""./aibrain/datasets\""","\""children\"":[]}""",1,,,,,,,,,,,,,,,,,,,,,,,,,,,,,,,,,,,,,,,,,,,,,,,,,,,,,,,,,,
184,SBX Experiment Creator Side,Core,"{\label\"":\""Manage\""","\""icon\"":\""list\""","\""url\"":\""\""","\""children\"":[{\""label\"":\""Experiment\""","\""icon\"":\""folder\""","\""url\"":\""./sandbox/pendingActions/experiment\""","\""children\"":[]","\""_id\"":8}","{\""label\"":\""Team\""","\""icon\"":\""\""","\""url\"":\""./sandbox/pendingActions/team\""","\""children\"":[]","\""_id\"":9}","{\""label\"":\""Dataset\""","\""icon\"":\""\""","\""url\"":\""./sandbox/pendingActions/dataset\""","\""children\"":[]","\""_id\"":10}]}""",1,,,,,,,,,,,,,,,,,,,,,,,,,,,,,,,,,,,,,,,,,,,,
186,SBX Land,Core,./sandbox,1,,,,,,,,,,,,,,,,,,,,,,,,,,,,,,,,,,,,,,,,,,,,,,,,,,,,,,,,,,,,,
187,SBX Side,Core,"{\label\"":\""Experiment\""","\""icon\"":\""home\""","\""url\"":\""./sandbox\""","\""children\"":[]}""",1,,,,,,,,,,,,,,,,,,,,,,,,,,,,,,,,,,,,,,,,,,,,,,,,,,,,,,,,,,
188,SBX Side,Core,"{\label\"":\""Teams\""","\""icon\"":\""users\""","\""url\"":\""./sandbox/team-list\""","\""children\"":[]}""",1,,,,,,,,,,,,,,,,,,,,,,,,,,,,,,,,,,,,,,,,,,,,,,,,,,,,,,,,,,
189,SBX Side,Core,"{\label\"":\""Datasets\""","\""icon\"":\""database\""","\""url\"":\""./aibrain/datasets\""","\""children\"":[]}""",1,,,,,,,,,,,,,,,,,,,,,,,,,,,,,,,,,,,,,,,,,,,,,,,,,,,,,,,,,,
190,SBX Side,Core,"{\label\"":\""Manage\""","\""icon\"":\""list\""","\""url\"":\""\""","\""children\"":[{\""label\"":\""Experiment\""","\""icon\"":\""folder\""","\""url\"":\""./sandbox/pendingActions/experiment\""","\""children\"":[]","\""_id\"":8}","{\""label\"":\""Team\""","\""icon\"":\""\""","\""url\"":\""./sandbox/pendingActions/team\""","\""children\"":[]","\""_id\"":9}","{\""label\"":\""Dataset\""","\""icon\"":\""\""","\""url\"":\""./sandbox/pendingActions/dataset\""","\""children\"":[]","\""_id\"":10}]}""",1,,,,,,,,,,,,,,,,,,,,,,,,,,,,,,,,,,,,,,,,,,,,
192,kt_session_sheet_name,Core,SME_KT,1,,,,,,,,,,,,,,,,,,,,,,,,,,,,,,,,,,,,,,,,,,,,,,,,,,,,,,,,,,,,,
198,IT Portfolio Manager tickets,Core,./dynamicDashboard/grid/OCC/1,1,,,,,,,,,,,,,,,,,,,,,,,,,,,,,,,,,,,,,,,,,,,,,,,,,,,,,,,,,,,,,
236,defaultPortfolio,Core,Acme,1,,,,,,,,,,,,,,,,,,,,,,,,,,,,,,,,,,,,,,,,,,,,,,,,,,,,,,,,,,,,,
270,application.uiconfig.leapVersion,Core,1.3.12,1,,,,,,,,,,,,,,,,,,,,,,,,,,,,,,,,,,,,,,,,,,,,,,,,,,,,,,,,,,,,,
271,Batch Job Manager Land,Core,./dynamicDashboard/grid/OCC/45,1,,,,,,,,,,,,,,,,,,,,,,,,,,,,,,,,,,,,,,,,,,,,,,,,,,,,,,,,,,,,,
277,application.uiconfig.showPortfolioHeader,Core,FALSE,1,,,,,,,,,,,,,,,,,,,,,,,,,,,,,,,,,,,,,,,,,,,,,,,,,,,,,,,,,,,,,

1464,Support Engineer Side,Core,"{\label\"":\""Dashboard\""","\""icon\"":\""tachometer\""","\""url\"":\""./\""}""",1,,,,,,,,,,,,,,,,,,,,,,,,,,,,,,,,,,,,,,,,,,,,,,,,,,,,,,,,,,,
1465,Support Engineer Side,Core,"{\label\"":\""My Tools\""","\""icon\"":\""book\""","\""url\"":\""./iamp-ccl/mytools\""}""",1,,,,,,,,,,,,,,,,,,,,,,,,,,,,,,,,,,,,,,,,,,,,,,,,,,,,,,,,,,,
1466,Support Engineer Side,Core,"{\label\"":\""Ticket App\""","\""icon\"":\""desktop\""","\""horizontal\"":true","\""children\"":[{\""label\"":\""Alerts\""","\""icon\"":\""ticket\""","\""url\"":\""./tickets/alerts\""","\""children\"":[]}","{\""label\"":\""Service Requests\""","\""icon\"":\""book\""","\""url\"":\""./tickets/servicerequests\""","\""children\"":[]}","{\""label\"":\""Change Requests\""","\""icon\"":\""file\""","\""url\"":\""./tickets/changerequests\""","\""children\"":[]}","{\""label\"":\""Tasks\""","\""icon\"":\""ticket\""","\""url\"":\""./tickets/tasks\""","\""children\"":[]}]}""",1,,,,,,,,,,,,,,,,,,,,,,,,,,,,,,,,,,,,,,,,,,,
1467,Support Engineer Side,Core,"{\label\"":\""Upload\""","\""icon\"":\""ticket\""","\""horizontal\"":true","\""children\"":[{\""label\"":\""Upload\""","\""icon\"":\""upload\""","\""url\"":\""./tickets/uploadTicket\""","\""children\"":[]}","{\""label\"":\""Configuration\""","\""icon\"":\""map-signs\""","\""url\"":\""./iamp-usm/dashconstant\""","\""children\"":[]}]}""",1,,,,,,,,,,,,,,,,,,,,,,,,,,,,,,,,,,,,,,,,,,,,,,,,,,,
1468,Support Engineer Side,Core,"{\label\"":\""Documents\""","\""icon\"":\""book\""","\""url\"":\""./iamp-ccl/documents\""}""",1,,,,,,,,,,,,,,,,,,,,,,,,,,,,,,,,,,,,,,,,,,,,,,,,,,,,,,,,,,,
1469,Support Engineer Side,Core,"{\label\"":\""AI Brain\""","\""icon\"":\""ils\""","\""children\"":[{\""label\"":\""Datasources\""","\""icon\"":\""database\""","\""url\"":\""./aibrain/datasources\""","\""children\"":[]}","{\""label\"":\""Analytics Pipelines\""","\""icon\"":\""wpexplorer\""","\""url\"":\""./aibrain/pipelines\""","\""children\"":[]}","{\""label\"":\""Agents\""","\""icon\"":\""gg\""","\""url\"":\""./aibrain/agents\""","\""children\"":[]}","{\""label\"":\""Data Marketplace\""","\""icon\"":\""table\""","\""url\"":\""./aibrain/datasets\""","\""children\"":[]}","{\""label\"":\""Model Marketplace\""","\""icon\"":\""superpowers\""","\""url\"":\""./aibrain/models\""","\""children\"":[]}","{\""label\"":\""Schemas\""","\""icon\"":\""puzzle-piece\""","\""url\"":\""./aibrain/schemas\""","\""children\"":[]}","{\""label\"":\""Events\""","\""icon\"":\""calendar\""","\""url\"":\""./aibrain/events\""","\""children\"":[]}","{\""label\"":\""Chain Jobs\""","\""icon\"":\""link\""","\""url\"":\""./aibrain/jobs/chain\""","\""children\"":[]}","{\""label\"":\""Scheduled Jobs\""","\""icon\"":\""clock-o\""","\""url\"":\""./aibrain/jobs/scheduled\""","\""children\"":[]}","{\""label\"":\""Logs\""","\""icon\"":\""file-text-o\""","\""url\"":\""./aibrain/jobs/logs\""","\""children\"":[]}]}""",1,,,,,,,,,,,,,,,,,,,,
1470,Support Engineer Side,Core,"{\label\"":\""Incidents\""","\""icon\"":\""ticket\""","\""horizontal\"":true","\""children\"":[{\""label\"":\""SOP\""","\""icon\"":\""laptop\""","\""url\"":\""./tickets/Sops-list\""","\""children\"":[]}","{\""label\"":\""Problem-Type\""","\""icon\"":\""television\""","\""url\"":\""./tickets/ProblemType-list\""","\""children\"":[]}","{\""label\"":\""Cluster\""","\""icon\"":\""book\""","\""url\"":\""./tickets/Clusters-list\""","\""children\"":[]}","{\""label\"":\""RCA\""","\""icon\"":\""laptop\""","\""url\"":\""./tickets/Rca-list\""","\""children\"":[]}]}""",1,,,,,,,,,,,,,,,,,,,,,,,,,,,,,,,,,,,,,,,,,,,
1471,Support Engineer Side,Core,"{\label\"":\""Process Mining\""","\""icon\"":\""product-hunt\""","\""url\"":\""./dynamicDashboard/process-mining\""}""",1,,,,,,,,,,,,,,,,,,,,,,,,,,,,,,,,,,,,,,,,,,,,,,,,,,,,,,,,,,,
1472,Support Engineer Side,Core,"{\label\"":\""Knwl Graph\""","\""icon\"":\""bar-chart\""","\""url\"":\""./iamp-graph/main\""}""",1,,,,,,,,,,,,,,,,,,,,,,,,,,,,,,,,,,,,,,,,,,,,,,,,,,,,,,,,,,,
1473,Automation Engineer Side,Core,"{\label\"":\""Dashboard\""","\""icon\"":\""bar-chart\""","\""url\"":\""./\""","\""children\"":[]}""",1,,,,,,,,,,,,,,,,,,,,,,,,,,,,,,,,,,,,,,,,,,,,,,,,,,,,,,,,,,
1474,Automation Engineer Side,Core,"{\label\"":\""Bots\""","\""icon\"":\""gears\""","\""url\"":\""\""","\""children\"":[{\""label\"":\""Nodes\""","\""icon\"":\""desktop\""","\""url\"":\""./iamp-cap/monitornode\""","\""children\"":[]","\""_id\"":3}","{\""label\"":\""Bots\""","\""icon\"":\""gears\""","\""url\"":\""./iamp-cap/monitormapping\""","\""children\"":[]","\""_id\"":4}","{\""label\"":\""Monitor\""","\""icon\"":\""area-chart\""","\""url\"":\""./iamp-cap/viewstatistics\""","\""children\"":[]","\""_id\"":5}]}""",1,,,,,,,,,,,,,,,,,,,,,,,,,,,,,,,,,,,,,,,,,,,,
1475,Automation Engineer Side,Core,"{\label\"":\""Workflows\""","\""icon\"":\""sitemap\""","\""url\"":\""\""","\""children\"":[{\""label\"":\""Workflows\""","\""icon\"":\""sitemap\""","\""url\"":\""./iamp-cap/viewworkflow\""","\""children\"":[]","\""_id\"":2}","{\""label\"":\""Process Workflow\""","\""icon\"":\""play\""","\""url\"":\""./iamp-cap/processworkflow\""","\""children\"":[]","\""_id\"":3}","{\""label\"":\""Monitor Workflow\""","\""icon\"":\""tasks\""","\""url\"":\""./iamp-cap/monitorworkflow\""","\""children\"":[]","\""_id\"":4}","{\""label\"":\""Schedules\""","\""icon\"":\""calender\""","\""url\"":\""./iamp-cap/monitorschedule\""","\""children\"":[]","\""_id\"":5}","{\""label\"":\""Logs\""","\""icon\"":\""table\""","\""url\"":\""./iamp-cap/logscreenshot\""","\""children\"":[]","\""_id\"":6}]}""",1,,,,,,,,,,,,,,,,,,,,,,,,,,,,,,,,,,
1476,Automation Engineer Side,Core,"{\label\"":\""Incident Dashboard\""","\""icon\"":\""ticket\""","\""url\"":\""./iamp-cap/inputdetails\""","\""children\"":[]}""",1,,,,,,,,,,,,,,,,,,,,,,,,,,,,,,,,,,,,,,,,,,,,,,,,,,,,,,,,,,
1477,Automation Engineer Side,Core,"{\label\"":\""Scripts\""","\""icon\"":\""file-code-o\""","\""url\"":\""\""","\""children\"":[{\""label\"":\""Scripts\""","\""icon\"":\""file-code-o\""","\""url\"":\""./iamp-cap/monitorscript\""","\""children\"":[]","\""_id\"":9}","{\""label\"":\""Execute Scripts\""","\""icon\"":\""play\""","\""url\"":\""./iamp-cap/executescript\""","\""children\"":[]","\""_id\"":10}","{\""label\"":\""View Execution Status\""","\""icon\"":\""table\""","\""url\"":\""./iamp-cap/monitorscriptstatus\""","\""children\"":[]","\""_id\"":11}]}""",1,,,,,,,,,,,,,,,,,,,,,,,,,,,,,,,,,,,,,,,,,,,,
1478,Automation Engineer Side,Core,"{\label\"":\""Probe\""","\""icon\"":\""external-link-square\""","\""url\"":\""\""","\""children\"":[{\""label\"":\""Downtime\""","\""icon\"":\""clock-o\""","\""url\"":\""./iamp-cap/viewdowntime\""","\""children\"":[]","\""_id\"":13}]}""",1,,,,,,,,,,,,,,,,,,,,,,,,,,,,,,,,,,,,,,,,,,,,,,,,,,,,,,
1479,Automation Engineer Side,Core,"{\label\"":\""Vaults\""","\""icon\"":\""lock\""","\""url\"":\""./iamp-cap/monitorvault\""","\""children\"":[]}""",1,,,,,,,,,,,,,,,,,,,,,,,,,,,,,,,,,,,,,,,,,,,,,,,,,,,,,,,,,,
1480,Automation Engineer Side,Core,"{\label\"":\""Operational Statistics Dashboard\""","\""icon\"":\""folder\""","\""url\"":\""./dynamicDashboard/grid/OCC/118\""","\""children\"":[]}""",1,,,,,,,,,,,,,,,,,,,,,,,,,,,,,,,,,,,,,,,,,,,,,,,,,,,,,,,,,,
1481,Bot Developer Side,Core,"{\label\"":\""Dashboard\""","\""icon\"":\""assets/icons/Dashboard.svg\""","\""children\"":[{\""label\"":\""Automation Dashboard\""","\""icon\"":\""assets/icons/Component_751_1.svg\""","\""url\"":\""./dynamicDashboard/grid/OCC/14\""","\""_id\"":2}","{\""label\"":\""Workload Dashboard\""","\""icon\"":\""assets/icons/Workload-Dashboard.svg\""","\""url\"":\""./dynamicDashboard/grid/OCC/2\""","\""_id\"":3}","{\""label\"":\""Telemetry Dashboard\""","\""icon\"":\""table\""","\""url\"":\""./dynamicDashboard/grid/OCC/17\""","\""_id\"":4}]}""",1,,,,,,,,,,,,,,,,,,,,,,,,,,,,,,,,,,,,,,,,,,,,,,,,
1482,Bot Developer Side,Core,"{\label\"":\""Digitize\""","\""icon\"":\""assets/icons/Digitise.svg\""","\""children\"":[{\""label\"":\""Process Model Store\""","\""icon\"":\""assets/icons/icon_Technology.svg\""","\""url\"":\""./iamp-btf/SOP\""","\""_id\"":2}","{\""label\"":\""App Model Store\""","\""icon\"":\""assets/icons/icon_VisitorManagementSystem_VMS.svg\""","\""url\"":\""./iamp-btf/app-model\""","\""_id\"":3}]}""",1,,,,,,,,,,,,,,,,,,,,,,,,,,,,,,,,,,,,,,,,,,,,,,,,,,,,
1483,Bot Developer Side,Core,"{\label\"":\""Automate\""","\""icon\"":\""assets/icons/Automate.svg\""","\""children\"":[{\""label\"":\""Incident dashboard\""","\""icon\"":\""assets/icons/Incident-Dashboard.svg\""","\""url\"":\""./iamp-cap/inputdetails\""","\""_id\"":2}","{\""label\"":\""Monitor Bot\""","\""icon\"":\""area-chart\""","\""url\"":\""./iamp-cap/viewstatistics\""","\""_id\"":3}","{\""label\"":\""My Workspace\""","\""icon\"":\""assets/icons/icon-Domestic-InternationalTravel.svg\""","\""url\"":\""./iamp-btf/entity/automation-work-flow\""","\""_id\"":4}","{\""label\"":\""Bot Store\""","\""icon\"":\""assets/icons/Component_752_1.svg\""","\""url\"":\""./iamp-btf/entity/bot\""","\""_id\"":5}","{\""label\"":\""Build a Bot\""","\""icon\"":\""assets/icons/Component_753_1.svg\""","\""url\"":\""./iamp-btf/bpmndemo\""","\""_id\"":6}","{\""label\"":\""Test a Bot\""","\""icon\"":\""assets/icons/icon_tb.svg\""","\""url\"":\""./iamp-btf/Testing\""","\""_id\"":7}]}""",1,,,,,,,,,,,,,,,,,,,,,,,,,,,,,,,,,,,,
1484,Bot Developer Side,Core,"{\label\"":\""Cognitive\""","\""icon\"":\""assets/icons/Cognitive.svg\""","\""url\"":\""\""","\""children\"":[{\""label\"":\""Cognitive Insights\""","\""icon\"":\""assets/icons/ML-Studio.svg\""","\""url\"":\""./aibrain/datasources\""","\""children\"":[]","\""_id\"":2}","{\""label\"":\""IIA\""","\""icon\"":\""assets/icons/iiA.svg\""","\""url\"":\""./dynamicDashboard/grid/OCC/31345\""","\""children\"":[]","\""_id\"":3}","{\""label\"":\""Micro services\""","\""icon\"":\""assets/icons/MicroService.svg\""","\""url\"":\""./dynamicDashboard/grid/OCC/31346\""","\""children\"":[]","\""_id\"":4}]}""",1,,,,,,,,,,,,,,,,,,,,,,,,,,,,,,,,,,,,,,,,,,,,
1485,Bot Developer Side,Core,"{\label\"":\""Monitor\""","\""icon\"":\""assets/icons/Component_156_1.svg\""","\""url\"":\""./iamp-btf/Cockpit\""}""",1,,,,,,,,,,,,,,,,,,,,,,,,,,,,,,,,,,,,,,,,,,,,,,,,,,,,,,,,,,,
1486,Bot Developer Side,Core,"{\label\"":\""Experience\""","\""icon\"":\""assets/icons/Experience.svg\""","\""url\"":\""\""","\""children\"":[{\""label\"":\""Chat Bot\""","\""icon\"":\""assets/icons/Chatbot.svg\""","\""url\"":\""./iamp-btf/ChatBot\""","\""children\"":[]","\""_id\"":6}","{\""label\"":\""Chat Bot Studio\""","\""icon\"":\""assets/icons/ChatbotStudio.svg\""","\""url\"":\""./iamp-btf/ChatBotStudio\""","\""children\"":[]","\""_id\"":7}]}""",1,,,,,,,,,,,,,,,,,,,,,,,,,,,,,,,,,,,,,,,,,,,,,,,,,
1487,Bot Developer Side,Core,"{\label\"":\""Innovate\""","\""icon\"":\""assets/icons/innovative.svg\""","\""url\"":\""\""","\""children\"":[{\""label\"":\""Experiment\""","\""icon\"":\""assets/icons/Experiment.svg\""","\""url\"":\""./sandbox\""","\""children\"":[]","\""_id\"":9}]}""",1,,,,,,,,,,,,,,,,,,,,,,,,,,,,,,,,,,,,,,,,,,,,,,,,,,,,,,
1488,Bot Developer Side,Core,"{\label\"":\""Discover\""","\""icon\"":\""assets/icons/Discover.svg\""","\""url\"":null","\""children\"":[{\""label\"":\""Process Mining\""","\""icon\"":\""assets/icons/Process Mining.svg\""","\""url\"":\""./dynamicDashboard/grid/OCC/54\""","\""_id\"":2}","{\""label\"":\""Workload Analytics\""","\""icon\"":\""assets/icons/Workload-Analytics.svg\""","\""url\"":\""./dynamicDashboard/grid/OCC/2\""","\""_id\"":3}","{\""label\"":\""Correlation\""","\""icon\"":\""puzzle-piece\""","\""url\"":\""./dynamicDashboard/grid/OCC/4\""","\""children\"":[]","\""_id\"":4}]}""",1,,,,,,,,,,,,,,,,,,,,,,,,,,,,,,,,,,,,,,,,,,,,,,
1489,Bot Admin Side,Core,"{\label\"":\""Dashboard\""","\""icon\"":\""assets/icons/Dashboard.svg\""","\""children\"":[{\""label\"":\""Automation Dashboard\""","\""icon\"":\""assets/icons/Component_751_1.svg\""","\""url\"":\""./dynamicDashboard/grid/OCC/14\""","\""_id\"":2}","{\""label\"":\""Workload Dashboard\""","\""icon\"":\""assets/icons/Workload-Dashboard.svg\""","\""url\"":\""./dynamicDashboard/grid/OCC/2\""","\""_id\"":3}","{\""label\"":\""Telemetry Dashboard\""","\""icon\"":\""table\""","\""url\"":\""./dynamicDashboard/grid/OCC/17\""","\""_id\"":4}","{\""label\"":\""BTM Dashboard\""","\""icon\"":\""\""","\""url\"":\""./dynamicDashboard/grid/OCC/222\""","\""_id\"":5}]}""",1,,,,,,,,,,,,,,,,,,,,,,,,,,,,,,,,,,,,,,,,,,,,
1490,Bot Admin Side,Core,"{\label\"":\""Discover\""","\""icon\"":\""assets/icons/Discover.svg\""","\""url\"":null","\""children\"":[{\""label\"":\""Process Mining\""","\""icon\"":\""assets/icons/Process Mining.svg\""","\""url\"":\""./dynamicDashboard/grid/OCC/54\""","\""_id\"":2}","{\""label\"":\""Workload Analytics\""","\""icon\"":\""assets/icons/Workload-Analytics.svg\""","\""url\"":\""./dynamicDashboard/grid/OCC/2\""","\""_id\"":3}","{\""label\"":\""Correlation\""","\""icon\"":\""puzzle-piece\""","\""url\"":\""./dynamicDashboard/grid/OCC/4\""","\""children\"":[]","\""_id\"":4}]}""",1,,,,,,,,,,,,,,,,,,,,,,,,,,,,,,,,,,,,,,,,,,,,,,
1491,Bot Admin Side,Core,"{\label\"":\""Digitize\""","\""icon\"":\""assets/icons/Digitise.svg\""","\""url\"":null","\""children\"":[{\""label\"":\""Process Model Store\""","\""icon\"":\""assets/icons/icon_Technology.svg\""","\""url\"":\""./iamp-btf/SOP\""","\""_id\"":2}","{\""label\"":\""App Model Store\""","\""icon\"":\""assets/icons/icon_VisitorManagementSystem_VMS.svg\""","\""url\"":\""./iamp-btf/app-model\""","\""_id\"":3}]}""",1,,,,,,,,,,,,,,,,,,,,,,,,,,,,,,,,,,,,,,,,,,,,,,,,,,,
1492,Bot Admin Side,Core,"{\label\"":\""Automate\""","\""icon\"":\""assets/icons/Automate.svg\""","\""url\"":null","\""children\"":[{\""label\"":\""Incident dashboard\""","\""icon\"":\""assets/icons/Incident-Dashboard.svg\""","\""url\"":\""./iamp-cap/inputdetails\""","\""_id\"":2}","{\""label\"":\""Monitor Bot\""","\""icon\"":\""area-chart\""","\""url\"":\""./iamp-cap/viewstatistics\""","\""_id\"":3}","{\""label\"":\""My Workspace\""","\""icon\"":\""assets/icons/icon-Domestic-InternationalTravel.svg\""","\""url\"":\""./iamp-btf/entity/automation-work-flow\""","\""_id\"":4}","{\""label\"":\""Bot Store\""","\""icon\"":\""assets/icons/Component_752_1.svg\""","\""url\"":\""./iamp-btf/entity/bot\""","\""_id\"":5}","{\""label\"":\""Build a Bot\""","\""icon\"":\""assets/icons/Component_753_1.svg\""","\""url\"":\""./iamp-btf/bpmndemo\""","\""children\"":[]","\""_id\"":6}","{\""label\"":\""Test a Bot\""","\""icon\"":\""assets/icons/icon_tb.svg\""","\""url\"":\""./iamp-btf/Testing\""","\""children\"":[]","\""_id\"":7}]}""",1,,,,,,,,,,,,,,,,,,,,,,,,,,,,,,,,,
1493,Bot Admin Side,Core,"{\label\"":\""Cognitive\""","\""icon\"":\""assets/icons/Cognitive.svg\""","\""url\"":\""\""","\""children\"":[{\""label\"":\""Cognitive Insights\""","\""icon\"":\""assets/icons/ML-Studio.svg\""","\""url\"":\""./aibrain/datasources\""","\""children\"":[]","\""_id\"":2}","{\""label\"":\""IIA\""","\""icon\"":\""assets/icons/iiA.svg\""","\""url\"":\""./dynamicDashboard/grid/OCC/31345\""","\""children\"":[]","\""_id\"":3}","{\""label\"":\""Micro services\""","\""icon\"":\""assets/icons/MicroService.svg\""","\""url\"":\""./dynamicDashboard/grid/OCC/31346\""","\""children\"":[]","\""_id\"":4}]}""",1,,,,,,,,,,,,,,,,,,,,,,,,,,,,,,,,,,,,,,,,,,,,
1494,Bot Admin Side,Core,"{\label\"":\""Experience\""","\""icon\"":\""assets/icons/Experience.svg\""","\""url\"":\""\""","\""children\"":[{\""label\"":\""Chat Bot\""","\""icon\"":\""assets/icons/Chatbot.svg\""","\""url\"":\""./iamp-btf/ChatBot\""","\""children\"":[]","\""_id\"":6}","{\""label\"":\""Chat Bot Studio\""","\""icon\"":\""assets/icons/ChatbotStudio.svg\""","\""url\"":\""./iamp-btf/ChatBotStudio\""","\""children\"":[]","\""_id\"":7}]}""",1,,,,,,,,,,,,,,,,,,,,,,,,,,,,,,,,,,,,,,,,,,,,,,,,,
1495,Bot Admin Side,Core,"{\label\"":\""Innovate\""","\""icon\"":\""assets/icons/innovative.svg\""","\""url\"":\""\""","\""children\"":[{\""label\"":\""Experiment\""","\""icon\"":\""assets/icons/Experiment.svg\""","\""url\"":\""./sandbox\""","\""children\"":[]","\""_id\"":9}]}""",1,,,,,,,,,,,,,,,,,,,,,,,,,,,,,,,,,,,,,,,,,,,,,,,,,,,,,,
1496,Bot Admin Side,Core,"{\label\"":\""Configure\""","\""icon\"":\""cog\""","\""url\"":\""\""","\""children\"":[{\""label\"":\""Configuration Dashboard\""","\""icon\"":\""assets/icons/Component_155_2.svg\""","\""url\"":\""./iamp-btf/entity/config-screen\""","\""children\"":[]","\""_id\"":2}","{\""label\"":\""Configuration Entry\""","\""icon\"":\""assets/icons/icon_LaptopGatepass.svg\""","\""url\"":\""./iamp-btf/entity/configuration-entry\""","\""children\"":[]","\""_id\"":3}","{\""label\"":\""Key Words\""","\""icon\"":\""assets/icons/icon_keywords.svg\""","\""url\"":\""./iamp-btf/entity/key-words\""","\""children\"":[]","\""_id\"":4}","{\""label\"":\""Schedule\""","\""icon\"":\""assets/icons/icon-calendar.svg\""","\""url\"":\""./iamp-btf/entity/schedule\""","\""children\"":[]","\""_id\"":5}","{\""label\"":\""Server\""","\""icon\"":\""assets/icons/Group_106664.svg\""","\""url\"":\""./iamp-btf/entity/server\""","\""children\"":[]","\""_id\"":6}","{\""label\"":\""Technology\""","\""icon\"":\""assets/icons/icon_hint_idea.svg\""","\""url\"":\""./iamp-btf/entity/technology\""","\""children\"":[]","\""_id\"":7}","{\""label\"":\""Workflow Params\""","\""icon\"":\""assets/icons/icon_flow_tree.svg\""","\""url\"":\""./iamp-btf/entity/workflow-params\""","\""children\"":[]","\""_id\"":8}","{\""label\"":\""Groups\""","\""icon\"":\""users\""","\""url\"":\""./iamp-btf/entity/group\""","\""children\"":[]","\""_id\"":9}","{\""label\"":\""Tool Adapter\""","\""icon\"":\""\""","\""url\"":\""\""","\""children\"":[{\""label\"":\""Adapter Purpose\""","\""icon\"":\""list\""","\""url\"":\""./iamp-tad/adapterPurpose-list\""","\""children\"":[]","\""_id\"":11}","{\""label\"":\""Adapter Config\""","\""icon\"":\""cog\""","\""url\"":\""./iamp-tad/adapterConfig-list\""","\""children\"":[]","\""_id\"":12}]","\""_id\"":10}","{\""label\"":\""Technology Property\""","\""icon\"":\""users\""","\""url\"":\""./iamp-btf/entity/technology-properties\""","\""children\"":[]","\""_id\"":11}]}""",1
1497,Bot Admin Side,Core,"{\label\"":\""Admin\""","\""icon\"":\""user\""","\""url\"":\""\""","\""children\"":[{\""label\"":\""Monitor\""","\""icon\"":\""assets/icons/Component_156_1.svg\""","\""url\"":\""./iamp-btf/Cockpit\""","\""children\"":[]","\""_id\"":2}","{\""label\"":\""Bot Execution Audit Trails\""","\""icon\"":\""assets/icons/icon_audit.svg\""","\""url\"":\""./iamp-btf/entity/bot-execution-audit-trails\""","\""children\"":[]","\""_id\"":3}","{\""label\"":\""Schedule Background Process\""","\""icon\"":\""assets/icons/icon_BCMS.svg\""","\""url\"":\""./iamp-btf/entity/bot-factory-scheduler\""","\""children\"":[]","\""_id\"":4}","{\""label\"":\""Refresh Jobs\""","\""icon\"":\""sync\""","\""url\"":\""./iamp-btf/refreshjobs\""","\""children\"":[]","\""_id\"":5}]}""",1,,,,,,,,,,,,,,,,,,,,,,,,,,,,,,,,,,,,,,,
1498,Transition Manager Side,Core,"{\label\"":\""Dashboard\""","\""icon\"":\""tachometer\""","\""url\"":\""./\""}""",1,,,,,,,,,,,,,,,,,,,,,,,,,,,,,,,,,,,,,,,,,,,,,,,,,,,,,,,,,,,
1499,Transition Manager Side,Core,"{\label\"":\""KT Calendar\""","\""icon\"":\""calendar\""","\""url\"":\""./iamp-twb/my-schedule\""}""",1,,,,,,,,,,,,,,,,,,,,,,,,,,,,,,,,,,,,,,,,,,,,,,,,,,,,,,,,,,,
1500,Transition Manager Side,Core,"{\label\"":\""KT Session\""","\""icon\"":\""tasks\""","\""horizontal\"":true","\""children\"":[{\""label\"":\""Session List\""","\""icon\"":\""tasks\""","\""url\"":\""./iamp-twb/create-transition-plan\""","\""children\"":[]}","{\""label\"":\""Questionnaire List\""","\""icon\"":\""quora\""","\""url\"":\""./iamp-twb/questionnaireList\""","\""children\"":[]}]}""",1,,,,,,,,,,,,,,,,,,,,,,,,,,,,,,,,,,,,,,,,,,,,,,,,,,,
1501,Transition Manager Side,Core,"{\label\"":\""RKT Session\""","\""icon\"":\""tasks\""","\""horizontal\"":true","\""children\"":[{\""label\"":\""Session List\""","\""icon\"":\""tasks\""","\""url\"":\""./iamp-twb/create-reverse-transition-plan\""","\""children\"":[]}","{\""label\"":\""Template List\""","\""icon\"":\""tasks\""","\""url\"":\""./iamp-twb/rkt-template\""","\""children\"":[]}]}""",1,,,,,,,,,,,,,,,,,,,,,,,,,,,,,,,,,,,,,,,,,,,,,,,,,,,
1502,Transition Manager Side,Core,"{\label\"":\""Action-Risk-Issue\""","\""icon\"":\""spinner\""","\""url\"":\""./iamp-twb/action-risk\""}""",1,,,,,,,,,,,,,,,,,,,,,,,,,,,,,,,,,,,,,,,,,,,,,,,,,,,,,,,,,,,
1503,Transition Manager Side,Core,"{\label\"":\""Apps\""","\""icon\"":\""desktop\""","\""horizontal\"":true","\""children\"":[{\""label\"":\""Wave\""","\""icon\"":\""laptop\""","\""url\"":\""./iamp-twb/wave\""","\""children\"":[]}","{\""label\"":\""Cluster\""","\""icon\"":\""file-code-o\""","\""url\"":\""./iamp-twb/cluster\""","\""children\"":[]}","{\""label\"":\""Application\""","\""icon\"":\""television\""","\""url\"":\""./iamp-twb/application\""","\""children\"":[]}","{\""label\"":\""Vendor\""","\""icon\"":\""spinner\""","\""url\"":\""./iamp-twb/vendor\""","\""children\"":[]}]}""",1,,,,,,,,,,,,,,,,,,,,,,,,,,,,,,,,,,,,,,,,,,,
1504,Transition Manager Side,Core,"{\label\"":\""Documents\""","\""icon\"":\""book\""","\""url\"":\""./iamp-ccl/documents\""}""",1,,,,,,,,,,,,,,,,,,,,,,,,,,,,,,,,,,,,,,,,,,,,,,,,,,,,,,,,,,,
1505,Transition Manager Side,Core,"{\label\"":\""Due Diligience\""","\""icon\"":\""file\""","\""url\"":\""./iamp-twb/due-diligence\""}""",1,,,,,,,,,,,,,,,,,,,,,,,,,,,,,,,,,,,,,,,,,,,,,,,,,,,,,,,,,,,
1506,Transition Manager Side,Core,"{\label\"":\""Switch Transition\""","\""icon\"":\""exchange\""","\""url\"":\""./iamp-twb/switch-transition\""}""",1,,,,,,,,,,,,,,,,,,,,,,,,,,,,,,,,,,,,,,,,,,,,,,,,,,,,,,,,,,,
1507,Transition Engineer Side,Core,"{\label\"":\""Dashboard\""","\""icon\"":\""tachometer\""","\""url\"":\""./\""}""",1,,,,,,,,,,,,,,,,,,,,,,,,,,,,,,,,,,,,,,,,,,,,,,,,,,,,,,,,,,,
1508,Transition Engineer Side,Core,"{\label\"":\""My Inbox\""","\""icon\"":\""tasks\""","\""url\"":\""./iamp-twb/my-inbox\""}""",1,,,,,,,,,,,,,,,,,,,,,,,,,,,,,,,,,,,,,,,,,,,,,,,,,,,,,,,,,,,
1509,Transition Engineer Side,Core,"{\label\"":\""My Calendar\""","\""icon\"":\""calendar\""","\""url\"":\""./iamp-twb/my-schedule\""}""",1,,,,,,,,,,,,,,,,,,,,,,,,,,,,,,,,,,,,,,,,,,,,,,,,,,,,,,,,,,,
1510,Transition Engineer Side,Core,"{\label\"":\""Switch Transition\""","\""icon\"":\""exchange\""","\""url\"":\""./iamp-twb/switch-transition\""}""",1,,,,,,,,,,,,,,,,,,,,,,,,,,,,,,,,,,,,,,,,,,,,,,,,,,,,,,,,,,,
1511,Admin Side,Core,"{\label\"":\""Dashboard\""","\""icon\"":\""tachometer\""","\""url\"":\""./\""}""",1,,,,,,,,,,,,,,,,,,,,,,,,,,,,,,,,,,,,,,,,,,,,,,,,,,,,,,,,,,,
1512,Admin Side,Core,"{\label\"":\""Admin Mgmt\""","\""icon\"":\""user\""","\""horizontal\"":true","\""children\"":[{\""label\"":\""Portfolio Management\""","\""icon\"":\""file-powerpoint-o\""","\""url\"":\""./iamp-usm/portfoliolist\""","\""children\"":[]}","{\""label\"":\""Project Management\""","\""icon\"":\""file-powerpoint-o\""","\""url\"":\""./iamp-usm/projectlist\""","\""children\"":[]}","{\""label\"":\""Role Management\""","\""icon\"":\""registered\""","\""url\"":\""./iamp-usm/role/list\""","\""children\"":[]}","{\""label\"":\""User Management\""","\""icon\"":\""users\""","\""url\"":\""./iamp-usm/manageUsers\""","\""children\"":[]}","{\""label\"":\""Dashboard Management\""","\""icon\"":\""exchange\""","\""url\"":\""./iamp-usm/export-import\""","\""children\"":[]}","{\""label\"":\""Dashboard Mapping\""","\""icon\"":\""desktop\""","\""url\"":\""./dynamicDashboard/dashboardMapping\""","\""children\"":[]}","{\""label\"":\""Theme\""","\""icon\"":\""palette\""","\""url\"":\""./iamp-usm/theme\""","\""children\"":[]","\""_id\"":9}","{\""label\"":\""Copy Blueprint\""","\""icon\"":\""palette\""","\""url\"":\""./iamp-usm/copy-blueprint\""","\""children\"":[]","\""_id\"":10}]}""",1,,,,,,,,,,,,,,,,,,,,,,,,,
1513,Admin Side,Core,"{\label\"":\""Perms Mgmt\""","\""icon\"":\""shield\""","\""url\"":\""./iamp-usm/permissionlist\""}""",1,,,,,,,,,,,,,,,,,,,,,,,,,,,,,,,,,,,,,,,,,,,,,,,,,,,,,,,,,,,
1514,Admin Side,Core,"{\label\"":\""ICM Mgmt\""","\""icon\"":\""ticket\""","\""url\"":\""./tickets/icmMapping\""}""",1,,,,,,,,,,,,,,,,,,,,,,,,,,,,,,,,,,,,,,,,,,,,,,,,,,,,,,,,,,,
1515,Admin Side,Core,"{\label\"":\""CIP Mgmt\""","\""icon\"":\""tasks\""","\""horizontal\"":true","\""children\"":[{\""label\"":\""Groups\""","\""icon\"":\""files-tasks\""","\""url\"":\""./aibrain/groupings\""","\""children\"":[]}","{\""label\"":\""Core Datasource\""","\""icon\"":\""clone\""","\""url\"":\""./aibrain/coreDatasources\""","\""children\"":[]}","{\""label\"":\""Copy Datasets\""","\""icon\"":\""clipboard\""","\""url\"":\""./aibrain/copyDatasets\""","\""children\"":[]}","{\""label\"":\""Copy Pipelines\""","\""icon\"":\""files-o\""","\""url\"":\""./aibrain/copyPipelines\""","\""children\"":[]}","{\""label\"":\""Constants\""","\""icon\"":\""\""","\""url\"":\""./aibrain/constants\""","\""children\"":[]}","{\""label\"":\""Create Specification\""","\""icon\"":\""\""","\""url\"":\""./workflows/create/specification\""","\""children\"":[]}]}""",1,,,,,,,,,,,,,,,,,,,,,,,,,,,,,,,,,,,
1516,Admin Side,Core,"{\label\"":\""Configuration\""","\""icon\"":\""map-signs\""","\""url\"":\""./iamp-usm/dashconstant\""}""",1,,,,,,,,,,,,,,,,,,,,,,,,,,,,,,,,,,,,,,,,,,,,,,,,,,,,,,,,,,,
1517,Transition Lead Side,Core,"{\label\"":\""Dashboard\""","\""icon\"":\""tachometer\""","\""url\"":\""./\""}""",1,,,,,,,,,,,,,,,,,,,,,,,,,,,,,,,,,,,,,,,,,,,,,,,,,,,,,,,,,,,
1518,Transition Lead Side,Core,"{\label\"":\""KT Session\""","\""icon\"":\""tasks\""","\""url\"":\""./iamp-twb/create-transition-plan\""}""",1,,,,,,,,,,,,,,,,,,,,,,,,,,,,,,,,,,,,,,,,,,,,,,,,,,,,,,,,,,,
1519,Transition Lead Side,Core,"{\label\"":\""KT Calendar\""","\""icon\"":\""calendar\""","\""url\"":\""./iamp-twb/my-schedule\""}""",1,,,,,,,,,,,,,,,,,,,,,,,,,,,,,,,,,,,,,,,,,,,,,,,,,,,,,,,,,,,
1520,Transition Lead Side,Core,"{\label\"":\""Questionnaire\""","\""icon\"":\""quora\""","\""url\"":\""./iamp-twb/questionnaireList\""}""",1,,,,,,,,,,,,,,,,,,,,,,,,,,,,,,,,,,,,,,,,,,,,,,,,,,,,,,,,,,,
1521,Transition Lead Side,Core,"{\label\"":\""Action-Risk-Issue\""","\""icon\"":\""spinner\""","\""url\"":\""./iamp-twb/action-risk\""}""",1,,,,,,,,,,,,,,,,,,,,,,,,,,,,,,,,,,,,,,,,,,,,,,,,,,,,,,,,,,,
1522,Transition Lead Side,Core,"{\label\"":\""Switch Transition\""","\""icon\"":\""exchange\""","\""url\"":\""./iamp-twb/switch-transition\""}""",1,,,,,,,,,,,,,,,,,,,,,,,,,,,,,,,,,,,,,,,,,,,,,,,,,,,,,,,,,,,
1523,Client Manager Side,Core,"{\label\"":\""Dashboard\""","\""icon\"":\""tachometer\""","\""url\"":\""./\""}""",1,,,,,,,,,,,,,,,,,,,,,,,,,,,,,,,,,,,,,,,,,,,,,,,,,,,,,,,,,,,
1524,Client Manager Side,Core,"{\label\"":\""Knwl Graph\""","\""icon\"":\""bar-chart\""","\""url\"":\""./iamp-graph/main\""}""",1,,,,,,,,,,,,,,,,,,,,,,,,,,,,,,,,,,,,,,,,,,,,,,,,,,,,,,,,,,,
1525,Transition Admin Side,Core,"{\label\"":\""Transition\""","\""icon\"":\""spinner\""","\""url\"":\""./iamp-twb/transition\""}""",1,,,,,,,,,,,,,,,,,,,,,,,,,,,,,,,,,,,,,,,,,,,,,,,,,,,,,,,,,,,
1526,Transition Admin Side,Core,"{\label\"":\""Level-Mapping\""","\""icon\"":\""file-code-o\""","\""url\"":\""./iamp-twb/level-mapping\""}""",1,,,,,,,,,,,,,,,,,,,,,,,,,,,,,,,,,,,,,,,,,,,,,,,,,,,,,,,,,,,
1527,BCC Admin Side,Core,"{\label\"":\""Dashboard\""","\""icon\"":\""tachometer\""","\""url\"":\""./\""}""",1,,,,,,,,,,,,,,,,,,,,,,,,,,,,,,,,,,,,,,,,,,,,,,,,,,,,,,,,,,,
1528,BCC Admin Side,Core,"{\label\"":\""AI Brain\""","\""icon\"":\""ils\""","\""children\"":[{\""label\"":\""Datasources\""","\""icon\"":\""database\""","\""url\"":\""./aibrain/datasources\""","\""children\"":[]}","{\""label\"":\""Analytics Pipelines\""","\""icon\"":\""wpexplorer\""","\""url\"":\""./aibrain/pipelines\""","\""children\"":[]}","{\""label\"":\""Agents\""","\""icon\"":\""gg\""","\""url\"":\""./aibrain/agents\""","\""children\"":[]}","{\""label\"":\""Data Marketplace\""","\""icon\"":\""table\""","\""url\"":\""./aibrain/datasets\""","\""children\"":[]}","{\""label\"":\""Model Marketplace\""","\""icon\"":\""superpowers\""","\""url\"":\""./aibrain/models\""","\""children\"":[]}","{\""label\"":\""Schemas\""","\""icon\"":\""puzzle-piece\""","\""url\"":\""./aibrain/schemas\""","\""children\"":[]}","{\""label\"":\""Events\""","\""icon\"":\""calendar\""","\""url\"":\""./aibrain/events\""","\""children\"":[]}","{\""label\"":\""Chain Jobs\""","\""icon\"":\""link\""","\""url\"":\""./aibrain/jobs/chain\""","\""children\"":[]}","{\""label\"":\""Scheduled Jobs\""","\""icon\"":\""clock-o\""","\""url\"":\""./aibrain/jobs/scheduled\""","\""children\"":[]}","{\""label\"":\""Logs\""","\""icon\"":\""file-text-o\""","\""url\"":\""./aibrain/jobs/logs\""","\""children\"":[]}]}""",1,,,,,,,,,,,,,,,,,,,,
1529,BCC Admin Side,Core,"{\label\"":\""CI Mgmt\""","\""icon\"":\""desktop\""","\""horizontal\"":true","\""children\"":[{\""label\"":\""Configuration Item Type\""","\""icon\"":\""files-o\""","\""url\"":\""./cc/iamp-cfm/cType\""","\""children\"":[]}","{\""label\"":\""Configuration Item\""","\""icon\"":\""file-o\""","\""url\"":\""./cc/iamp-cfm/ci\""","\""children\"":[]}","{\""label\"":\""CI Mapping\""","\""icon\"":\""file-text\""","\""url\"":\""./cc/iamp-cfm/xwciMapping\""","\""children\"":[]}","{\""label\"":\""Metrics Master\""","\""icon\"":\""file\""","\""url\"":\""./cc/metricsMaster\""","\""children\"":[]}","{\""label\"":\""CI Metrics Mapping\""","\""icon\"":\""laptop\""","\""url\"":\""./cc/ciMetricsMapping\""","\""children\"":[]}","{\""label\"":\""CI Dashboard Mapping\""","\""icon\"":\""desktop\""","\""url\"":\""./cc/ciDashMapping\""","\""children\"":[]}]}""",1,,,,,,,,,,,,,,,,,,,,,,,,,,,,,,,,,,,
1530,BCC Admin Side,Core,"{\label\"":\""SVG Mgmt\""","\""icon\"":\""picture-o\""","\""children\"":[{\""label\"":\""SVG Upload\""","\""icon\"":\""cloud-upload\""","\""url\"":\""./cc/iamp-cfm/upload-svg\""","\""children\"":[]}","{\""label\"":\""SVG Mapping\""","\""icon\"":\""sitemap\""","\""url\"":\""./cc/iamp-cfm/svg-mapping\""","\""children\"":[]}]}""",1,,,,,,,,,,,,,,,,,,,,,,,,,,,,,,,,,,,,,,,,,,,,,,,,,,,,
1531,BCC Admin Side,Core,"{\label\"":\""Knwl Graph\""","\""icon\"":\""bar-chart\""","\""url\"":\""./iamp-graph/main\""}""",1,,,,,,,,,,,,,,,,,,,,,,,,,,,,,,,,,,,,,,,,,,,,,,,,,,,,,,,,,,,
1532,Batch Job Manager Side,Core,"{\label\"":\""Dashboard\""","\""icon\"":\""tachometer\""","\""url\"":\""./\""","\""children\"":[]}""",1,,,,,,,,,,,,,,,,,,,,,,,,,,,,,,,,,,,,,,,,,,,,,,,,,,,,,,,,,,
1533,Batch Job Manager Side,Core,"{\label\"":\""View Job\""","\""icon\"":\""map\""","\""url\"":\""\""","\""children\"":[{\""label\"":\""Search Jobs\""","\""icon\"":\""columns\""","\""url\"":\""./iamp-bjm/job-list\""","\""children\"":[]","\""_id\"":2}","{\""label\"":\""Search Job Groups\""","\""icon\"":\""list\""","\""url\"":\""./iamp-bjm/jobInstanceGroup-list\""","\""children\"":[]","\""_id\"":5}","{\""label\"":\""Search Job Instances\""","\""icon\"":\""list-alt\""","\""url\"":\""./iamp-bjm/jobInstance-list\""","\""children\"":[]","\""_id\"":6}]}""",1,,,,,,,,,,,,,,,,,,,,,,,,,,,,,,,,,,,,,,,,,,,,
1534,Batch Job Manager Side,Core,"{\label\"":\""Job Config\""","\""icon\"":\""chain\""","\""url\"":\""\""","\""children\"":[{\""label\"":\""Config Group Dependency\""","\""icon\"":\""indent\""","\""url\"":\""./iamp-bjm/jiJigMapping-list\""","\""children\"":[]","\""_id\"":2}","{\""label\"":\""Config Job Dependency\""","\""icon\"":\""dedent\""","\""url\"":\""./iamp-bjm/jiJiMapping-list\""","\""children\"":[]","\""_id\"":3}]}""",1,,,,,,,,,,,,,,,,,,,,,,,,,,,,,,,,,,,,,,,,,,,,,,,,,
1535,Batch Job Manager Side,Core,"{\label\"":\""DataSync\""","\""icon\"":\""retweet\""","\""url\"":\""\""","\""children\"":[{\""label\"":\""Upload\""","\""icon\"":\""upload\""","\""url\"":\""./iamp-bjm/lib-upload-data\""","\""children\"":[]","\""_id\"":5}]}""",1,,,,,,,,,,,,,,,,,,,,,,,,,,,,,,,,,,,,,,,,,,,,,,,,,,,,,,
1536,Batch Job Manager Side,Core,"{\label\"":\""AI Brain\""","\""icon\"":\""ils\""","\""url\"":\""\""","\""children\"":[{\""label\"":\""Datasources\""","\""icon\"":\""database\""","\""url\"":\""./aibrain/datasources\""","\""children\"":[]","\""_id\"":7}","{\""label\"":\""Analytics Pipelines\""","\""icon\"":\""wpexplorer\""","\""url\"":\""./aibrain/pipelines\""","\""children\"":[]","\""_id\"":8}","{\""label\"":\""Agents\""","\""icon\"":\""gg\""","\""url\"":\""./aibrain/agents\""","\""children\"":[]","\""_id\"":9}","{\""label\"":\""Data Marketplace\""","\""icon\"":\""table\""","\""url\"":\""./aibrain/datasets\""","\""children\"":[]","\""_id\"":10}","{\""label\"":\""Model Marketplace\""","\""icon\"":\""superpowers\""","\""url\"":\""./aibrain/models\""","\""children\"":[]","\""_id\"":11}","{\""label\"":\""Schemas\""","\""icon\"":\""puzzle-piece\""","\""url\"":\""./aibrain/schemas\""","\""children\"":[]","\""_id\"":12}","{\""label\"":\""Events\""","\""icon\"":\""calendar\""","\""url\"":\""./aibrain/events\""","\""children\"":[]","\""_id\"":13}","{\""label\"":\""Chain Jobs\""","\""icon\"":\""link\""","\""url\"":\""./aibrain/jobs/chain\""","\""children\"":[]","\""_id\"":14}","{\""label\"":\""Scheduled Jobs\""","\""icon\"":\""clock-o\""","\""url\"":\""./aibrain/jobs/scheduled\""","\""children\"":[]","\""_id\"":15}","{\""label\"":\""Logs\""","\""icon\"":\""file-text-o\""","\""url\"":\""./aibrain/jobs/logs\""","\""children\"":[]","\""_id\"":16}]}""",1,,,,,,,,,
278,application.uiconfig.eventApiUrls,Core,"{\SNOW\"":\""http://localhost:8081/api/incidents/\""","\""PBI\"":\""http://localhost:8081/api/azure/update\""}""",1,,,,,,,,,,,,,,,,,,,,,,,,,,,,,,,,,,,,,,,,,,,,,,,,,,,,,,,,,,,,
1537,HideBCCHeader_BCC Admindefault,Core,TRUE,1,,,,,,,,,,,,,,,,,,,,,,,,,,,,,,,,,,,,,,,,,,,,,,,,,,,,,,,,,,,,,
1538,HideBCCHeader_Client Managerdefault,Core,TRUE,1,,,,,,,,,,,,,,,,,,,,,,,,,,,,,,,,,,,,,,,,,,,,,,,,,,,,,,,,,,,,,
1539,HideBCCHeader_IT Portfolio Managerdefault,Core,TRUE,1,,,,,,,,,,,,,,,,,,,,,,,,,,,,,,,,,,,,,,,,,,,,,,,,,,,,,,,,,,,,,
1540,HideBCCHeader_Client Managerdefault,Core,TRUE,1,,,,,,,,,,,,,,,,,,,,,,,,,,,,,,,,,,,,,,,,,,,,,,,,,,,,,,,,,,,,,
1541,HideBCCHeader_Client Managerdefault,Core,TRUE,1,,,,,,,,,,,,,,,,,,,,,,,,,,,,,,,,,,,,,,,,,,,,,,,,,,,,,,,,,,,,,
1542,ShowSidebar_Client Managerdefault,Core,FALSE,1,,,,,,,,,,,,,,,,,,,,,,,,,,,,,,,,,,,,,,,,,,,,,,,,,,,,,,,,,,,,,
1543,Automation Manager Side,Core,"{\label\"":\""Dashboard\""","\""icon\"":\""bar-chart\""","\""url\"":\""./\""","\""children\"":[]}""",1,,,,,,,,,,,,,,,,,,,,,,,,,,,,,,,,,,,,,,,,,,,,,,,,,,,,,,,,,,
1544,Automation Manager Side,Core,"{\label\"":\""Bots\""","\""icon\"":\""gears\""","\""url\"":\""\""","\""children\"":[{\""label\"":\""Nodes\""","\""icon\"":\""desktop\""","\""url\"":\""./iamp-cap/monitornode\""","\""children\"":[]","\""_id\"":3}","{\""label\"":\""Bots\""","\""icon\"":\""gears\""","\""url\"":\""./iamp-cap/monitormapping\""","\""children\"":[]","\""_id\"":4}","{\""label\"":\""Monitor\""","\""icon\"":\""area-chart\""","\""url\"":\""./iamp-cap/viewstatistics\""","\""children\"":[]","\""_id\"":5}]}""",1,,,,,,,,,,,,,,,,,,,,,,,,,,,,,,,,,,,,,,,,,,,,
1545,Automation Manager Side,Core,"{\label\"":\""Workflows\""","\""icon\"":\""sitemap\""","\""url\"":\""\""","\""children\"":[{\""label\"":\""Workflows\""","\""icon\"":\""sitemap\""","\""url\"":\""./iamp-cap/viewworkflow\""","\""children\"":[]","\""_id\"":2}","{\""label\"":\""Process Workflow\""","\""icon\"":\""play\""","\""url\"":\""./iamp-cap/processworkflow\""","\""children\"":[]","\""_id\"":3}","{\""label\"":\""Monitor Workflow\""","\""icon\"":\""tasks\""","\""url\"":\""./iamp-cap/monitorworkflow\""","\""children\"":[]","\""_id\"":4}","{\""label\"":\""Schedules\""","\""icon\"":\""calender\""","\""url\"":\""./iamp-cap/monitorschedule\""","\""children\"":[]","\""_id\"":5}","{\""label\"":\""Logs\""","\""icon\"":\""table\""","\""url\"":\""./iamp-cap/logscreenshot\""","\""children\"":[]","\""_id\"":6}]}""",1,,,,,,,,,,,,,,,,,,,,,,,,,,,,,,,,,,
1546,Automation Manager Side,Core,"{\label\"":\""Incident Dashboard\""","\""icon\"":\""ticket\""","\""url\"":\""./iamp-cap/inputdetails\""","\""children\"":[]}""",1,,,,,,,,,,,,,,,,,,,,,,,,,,,,,,,,,,,,,,,,,,,,,,,,,,,,,,,,,,
1547,Automation Manager Side,Core,"{\label\"":\""Scripts\""","\""icon\"":\""file-code-o\""","\""url\"":\""\""","\""children\"":[{\""label\"":\""Scripts\""","\""icon\"":\""file-code-o\""","\""url\"":\""./iamp-cap/monitorscript\""","\""children\"":[]","\""_id\"":9}","{\""label\"":\""Execute Scripts\""","\""icon\"":\""play\""","\""url\"":\""./iamp-cap/executescript\""","\""children\"":[]","\""_id\"":10}","{\""label\"":\""View Execution Status\""","\""icon\"":\""table\""","\""url\"":\""./iamp-cap/monitorscriptstatus\""","\""children\"":[]","\""_id\"":11}]}""",1,,,,,,,,,,,,,,,,,,,,,,,,,,,,,,,,,,,,,,,,,,,,
1548,Automation Manager Side,Core,"{\label\"":\""Probe\""","\""icon\"":\""external-link-square\""","\""url\"":\""\""","\""children\"":[{\""label\"":\""Downtime\""","\""icon\"":\""clock-o\""","\""url\"":\""./iamp-cap/viewdowntime\""","\""children\"":[]","\""_id\"":13}]}""",1,,,,,,,,,,,,,,,,,,,,,,,,,,,,,,,,,,,,,,,,,,,,,,,,,,,,,,
1549,Automation Manager Side,Core,"{\label\"":\""Vaults\""","\""icon\"":\""lock\""","\""url\"":\""./iamp-cap/monitorvault\""","\""children\"":[]}""",1,,,,,,,,,,,,,,,,,,,,,,,,,,,,,,,,,,,,,,,,,,,,,,,,,,,,,,,,,,
1550,widgetSettingsdefault,Core,"Comments,Hyperlink,Refresh,Copy Widget,Tabular View,Download,Fullscreen,Download as Excel,Download as PDF,Save To DB,Save Column Layout,Lock/Unlock,Download PNG,Download JPEG,Download PDF,View Dashboards,ML Studio,Threshold,Palette,Filter,Toggle,Dashboard Dropdown,Floating Modal,Black Layout,White Layout",1,,,,,,,,,,,,,,,,,,,,,,,,,,,,,,,,,,,,,,,,,,,,,,,,,,,,,,,,,,,,,
1557,Transition Manager Side,Core,"{\label\"":\""Support Metrics\""","\""icon\"":\""headset\""","\""horizontal\"":true","\""children\"":[{\""label\"":\""Support Metrics\""","\""icon\"":\""tasks\""","\""url\"":\""./iamp-twb/support-request/support-metrics\""","\""children\"":[]}","{\""label\"":\""Request Type\""","\""icon\"":\""tasks\""","\""url\"":\""./iamp-twb/support-request/request-type\""","\""children\"":[]}","{\""label\"":\""Priority Level\""","\""icon\"":\""tasks\""","\""url\"":\""./iamp-twb/support-request/priority-level\""","\""children\"":[]}","{\""label\"":\""Week Deifnition\""","\""icon\"":\""tasks\""","\""url\"":\""./iamp-twb/support-request/support-week\""","\""children\"":[]}","{\""label\"":\""Support Priority\""","\""icon\"":\""tasks\""","\""url\"":\""./iamp-twb/support-request/support-priority\""","\""children\"":[]}]}""",1,,,,,,,,,,,,,,,,,,,,,,,,,,,,,,,,,,,,,,,
1558,Transition Admin Side,Core,"{\label\"":\""Custom-Settings\""","\""icon\"":\""file-code-o\""","\""url\"":\""./iamp-twb/custom-settings\""}""",1,,,,,,,,,,,,,,,,,,,,,,,,,,,,,,,,,,,,,,,,,,,,,,,,,,,,,,,,,,,
1559,Transition Admin Side,Core,"{\label\"":\""Label Mapping\""","\""icon\"":\""tags\""","\""url\"":\""./iamp-twb/twblevelmapping\""}""",1,,,,,,,,,,,,,,,,,,,,,,,,,,,,,,,,,,,,,,,,,,,,,,,,,,,,,,,,,,,
1561,icms.mailservicetype,Core,spine,1,,,,,,,,,,,,,,,,,,,,,,,,,,,,,,,,,,,,,,,,,,,,,,,,,,,,,,,,,,,,,
1562,icms.spineurl,Core,https://victadpst-13:8080,1,,,,,,,,,,,,,,,,,,,,,,,,,,,,,,,,,,,,,,,,,,,,,,,,,,,,,,,,,,,,,
1563,application.uiconfig.notification,Core,FALSE,1,,,,,,,,,,,,,,,,,,,,,,,,,,,,,,,,,,,,,,,,,,,,,,,,,,,,,,,,,,,,,
1564,Event Manager Land,leo1311,./iamp-eda,2,,,,,,,,,,,,,,,,,,,,,,,,,,,,,,,,,,,,,,,,,,,,,,,,,,,,,,,,,,,,,
1565,Event Manager Side,leo1311,"{\label\"":\""Manage Workflow\""","\""icon\"":\""tasks\""","\""url\"":\""./iamp-eda\""}""",2,,,,,,,,,,,,,,,,,,,,,,,,,,,,,,,,,,,,,,,,,,,,,,,,,,,,,,,,,,,
1566,Event Manager Side,leo1311,"{\label\"":\""Event Type\""","\""icon\"":\""folder\""","\""url\"":\""./iamp-eda/event-type\""","\""children\"":[]}""",2,,,,,,,,,,,,,,,,,,,,,,,,,,,,,,,,,,,,,,,,,,,,,,,,,,,,,,,,,,
1567,Azure Models,Core,"{\modelList\"":[{\""alias\"":\""Business Card Model\""","\""name\"":\""prebuilt-businessCard\""}","{\""alias\"":\""ID Document Model\""","\""name\"":\""prebuilt-idDocument\""}","{\""alias\"":\""Invoice Model\""","\""name\"":\""prebuilt-invoice\""}","{\""alias\"":\""Receipt Model\""","\""name\"":\""prebuilt-receipt\""}","{\""alias\"":\""Tax Form Model\""","\""name\"":\""prebuilt-tax.us.w2\""}","{\""alias\"":\""Vaccination Card Model\""","\""name\"":\""prebuilt-vaccinationCard\""}","{\""alias\"":\""Health Insurance Card Model\""","\""name\"":\""prebuilt-healthInsuranceCard.us\""}]","\""defaultModel\"":{\""alias\"":\""Invoice Model\""","\""name\"":\""prebuilt-invoice\""}}""",1,,,,,,,,,,,,,,,,,,,,,,,,,,,,,,,,,,,,,,,,,,,,,,
1568,Azure Urls,Core,"{\urls\"":{\""post\"":\""https://demofr22apr.cognitiveservices.azure.com/formrecognizer/documentModels/{model}:analyze?api-version=2022-06-30-preview\""","\""get\"":\""https://demofr22apr.cognitiveservices.azure.com/formrecognizer/documentModels/{model}/analyzeResults/{respId}?api-version=2022-06-30-preview\""}}""",1,,,,,,,,,,,,,,,,,,,,,,,,,,,,,,,,,,,,,,,,,,,,,,,,,,,,,,,,,,,,
1609,application.azure.clientId,Core,6b308cc0-147b-49f6-98fc-af43d9abe034,1,,,,,,,,,,,,,,,,,,,,,,,,,,,,,,,,,,,,,,,,,,,,,,,,,,,,,,,,,,,,,
1610,application.azure.clientSecret,Core,9978Q~~SmdnBmcPUXZA93rI62Zy4H4s4no5.NcEc,1,,,,,,,,,,,,,,,,,,,,,,,,,,,,,,,,,,,,,,,,,,,,,,,,,,,,,,,,,,,,,
1611,application.azure.tenantId,Core,fdd6eff9-8a36-4950-aa0d-67666ff0920b,1,,,,,,,,,,,,,,,,,,,,,,,,,,,,,,,,,,,,,,,,,,,,,,,,,,,,,,,,,,,,,
1612,application.azure.scope,Core,https://graph.microsoft.com/.default,1,,,,,,,,,,,,,,,,,,,,,,,,,,,,,,,,,,,,,,,,,,,,,,,,,,,,,,,,,,,,,
1613,application.azure.inviteRedirectUrl,Core,http://localhost:8081/api/user,1,,,,,,,,,,,,,,,,,,,,,,,,,,,,,,,,,,,,,,,,,,,,,,,,,,,,,,,,,,,,,
1614,application.azure.inviteAzureUsers,Core,FALSE,1,,,,,,,,,,,,,,,,,,,,,,,,,,,,,,,,,,,,,,,,,,,,,,,,,,,,,,,,,,,,,
1615,Admin Side,Core,"{\label\"":\""Sidebar Configuration\""","\""icon\"":\""map-signs\""","\""url\"":\""./iamp-usm/dashconstant/side\""}""",1,,,,,,,,,,,,,,,,,,,,,,,,,,,,,,,,,,,,,,,,,,,,,,,,,,,,,,,,,,,
1616,application.uiconfig.showProfileIcon,Core,FALSE,1,,,,,,,,,,,,,,,,,,,,,,,,,,,,,,,,,,,,,,,,,,,,,,,,,,,,,,,,,,
